id,name,url,type,category,contact,email,logo
1755,1920R,https://www.riva1920.it,manufactory,,,,Upload/Manufactories/1755/logo/Riva-1920_logo-BIANCO-1.svg
2108,1951 Cabinetry,https://1951cabinetry.com,manufactory,,,,Upload/Manufactories/2108/logo/1951-horiz-logo-water.svg
1235,1stDibs,https://www.1stdibs.com,vender,,,,
1725,316 LIGHTING FIXTURES,https://3dsky.org/3dmodels/show/316_lighting_fixtures_23_101_copenhagen_hoop_table_lamp,manufactory,,,,
1988,3D Warehouse,https://3dwarehouse.sketchup.com,3D Assest Site,,,,Upload/Manufactories/1988/logo/3dw-logo.svg
1058,3Form,https://3form.de,manufactory,,,,Upload/Manufactories/1058/logo/3form-logo.png
275,3ket,https://3ket.com,manufactory,,,,
691,3M,https://www.3m.com,manufactory,,,,Upload/Manufactories/691/logo/Logo.svg
236,3S Studio,https://www.3sstudio.com,manufactory,,,,Upload/Manufactories/236/logo/Logo-Inline.png
1475,4HappyHome,https://3dsky.org/3dmodels/show/pismennyi_stol_cube,manufactory,,,,
1202,4Union,https://4union.ru,manufactory,,,,Upload/Manufactories/1202/logo/4Union_Favicon_01.svg
1998,A&E Bath and Shower,https://aebath.com,manufactory,,,,Upload/Manufactories/1998/logo/A_E_Logo_JPEG.jpg
115,A&G Rugs,https://www.agrugs.com,manufactory,,,,
1418,AA Floors,https://www.aafloors.ca,manufactory,,,,Upload/Manufactories/1418/logo/aa-floor-logo.png
2,Aareas,https://dam.aareas.com,Aareas,,,,
1818,Aareas Library,https://aareas.com,manufactory,,,,
2067,ABBER,https://abber-shop.ru,manufactory,,,,Upload/Manufactories/2067/logo/abber.jpg
1427,Abitare in Pietra,https://www.abitareinpietra.it,manufactory,,,,Upload/Manufactories/1427/logo/logo_abitare_in_pietra_h.png
1918,Accento,https://www.accentosrl.it,manufactory,,,,Upload/Manufactories/1918/logo/Logo_Accento_Black-scaled-e1779794319174.png
1242,Acclaim Lighting,https://acclaim-lighting.com,manufactory,,,,Upload/Manufactories/1242/logo/Acclaim-Trend-Main-Logo.webp
3,Accura Glass Bending inc.,https://www.accuraglass.com,manufactory,,,,Upload/Manufactories/3/logo/5fd52b7786a083e39fcc3d35_Screen_20Shot_202020-12-12_20at_203.42.59_20PM.png
165,ACME,https://brick.com,manufactory,,,,Upload/Manufactories/165/logo/AcmeBrick-Logo.svg
1166,action flooring,https://www.actionflooring.ca,manufactory,,,,
1221,Acuity Brands,https://www.acuitybrands.com,manufactory,,,,Upload/Manufactories/1221/logo/new-acuity-brands-logo-green-220x70.png
1980,Adex USA,https://adexusa.com,manufactory,,,,Upload/Manufactories/1980/logo/Logo-Adex-USA-Horizontal-300x62-1.png
1758,Adler,https://adler.ca,manufactory,,,,Upload/Manufactories/1758/logo/ADLER-name-Logo-2019400px-e1667941156460.png
1415,Admira,https://admira.sg,manufactory,,,,Upload/Manufactories/1415/logo/logo-new.png
4,AEG,https://www.aeg-appliances.ca,manufactory,,,,
1227,Aeon,https://www.aeonstonetile.com,manufactory,,,,
783,Aerin,https://www.aerin.com,manufactory,,,,
1448,Aeroslon,https://www.aeroslon-shop.ru,manufactory,,,,
1688,Afnans Studio,https://www.etsy.com/ca/listing/1478223474/modern-neutral-abstract-gallery-wall-art,manufactory,,,,
1986,AFX Lighting,https://www.afxinc.com,manufactory,,,,Upload/Manufactories/1986/logo/logo.png
1016,Agape,https://agape.net,manufactory,,,,Upload/Manufactories/1016/logo/sedo_logo.png
1805,Agway Metals Inc.,https://agwaymetals.com,manufactory,,,,
251,aia,https://www.aia.com/en,manufactory,,,,Upload/Manufactories/251/logo/aia-logo-red.svg
1919,aidan gray home,https://www.aidangrayhome.com,manufactory,,,,
1134,Aiken,https://nichedecor.ca,manufactory,,,,Upload/Manufactories/1134/logo/logo-min-300x57.png
1486,AKER by MAAX,https://akerbymaax.com,manufactory,,,,Upload/Manufactories/1486/logo/apple-touch-icon.png
1168,AL13,https://al13.com,manufactory,,,,Upload/Manufactories/1168/logo/logo-top-1-1.svg
1272,Aladdin Commercial,https://www.aladdincommercial.com,manufactory,,,,Upload/Manufactories/1272/logo/aladdin-logo.svg
1756,Albert One,https://www.mondocollection.com,manufactory,,,,Upload/Manufactories/1756/logo/mondo-logo_1703850958__57454.original.png
415,Alberta Hardwood Flooring,https://albertahardwood.com,manufactory,,,,Upload/Manufactories/415/logo/AB-Hardwood-Flooring_Horiz_Black-_1_410x.png
1572,Alchemy Fine Home,https://alchemyfinehome.com,manufactory,,,,
383,Alchymia Factory,https://www.alchymia.srl,manufactory,,,,Upload/Manufactories/383/logo/Logo-Alchymia-2.png
434,Aledo,https://aledo-pro.ru,manufactory,,,,Upload/Manufactories/434/logo/Logo_a.png
603,Alendel,https://www.alendel.com,manufactory,,,,Upload/Manufactories/603/logo/0020409_0000159_gray-header-logo.png
220,Alf DaFre,https://www.alfdafre.it,manufactory,,,,Upload/Manufactories/220/logo/apple-touch-icon.png
1601,alfitalia home,https://alfitaliahome.ru,manufactory,,,,Upload/Manufactories/1601/logo/logo__default.png
1618,Ali Express,https://www.aliexpress.com,vender,,,,
1735,ALISA SHARANINA,https://alisastudio.ru,manufactory,,,,
358,alivar,https://www.alivar.com,manufactory,,,,Upload/Manufactories/358/logo/alivar_logo_black-1.png
1139,All Modern,https://www.allmodern.com,vender,,,,
602,All Seating,https://www.allseating.com,manufactory,,,,
117,Allegra Hicks,https://allegrahicks.com,manufactory,,,,Upload/Manufactories/117/logo/Logo-blu.png
2068,Allen Brau,https://allenbrau.ru,manufactory,,,,Upload/Manufactories/2068/logo/black_png.png
175,Alliance Materials,https://alliancematerials.com,manufactory,,,,Upload/Manufactories/175/logo/66f71e7bdef2ffaf85331d53_Group_20469315.svg
464,Allied Maker,https://www.alliedmaker.com,manufactory,,,,Upload/Manufactories/464/logo/footer-logo.png
1873,Allmine,https://www.allmine.co.uk,manufactory,,,,Upload/Manufactories/1873/logo/logo.svg
1205,Allstate Rubber,https://www.allstaterubber.com,manufactory,,,,Upload/Manufactories/1205/logo/Allstate-Surfaces-Logo.png
1179,Allura,https://allura.co.uk,manufactory,,,,Upload/Manufactories/1179/logo/LPQW3P.png
1329,Alma,https://www.visualcomfort.com,manufactory,,,,Upload/Manufactories/1329/logo/media_18cda8031c327db6570c88fa98c343dea601f5c4e.jpg
1084,Alora,https://aloralighting.com,manufactory,,,,Upload/Manufactories/1084/logo/auroralight-brand-logo-wh.png
1806,Alpa Outdoor Products,https://www.alpaoutdoor.com,manufactory,,,,
2158,Alpha Systems,https://alphallc.us,manufactory,,,,
2107,Alpina,https://alpina.com,manufactory,,,,Upload/Manufactories/2107/logo/logo-alpina-mobile.png
1622,Alpina Market,https://alpina-market.ru,manufactory,,,,Upload/Manufactories/1622/logo/favicon.svg
1763,alpolic-america,https://alpolic-americas.com,manufactory,,,,Upload/Manufactories/1763/logo/3D_ALPOLIC-LOGO-red-black-1.svg
1915,Alt-S,https://www.alt.ca,manufactory,,,,Upload/Manufactories/1915/logo/spaceship-logo.svg
893,Altro,https://www.altrofloors.com,manufactory,,,,Upload/Manufactories/893/logo/logo.svg
301,am abazhur,https://am-abazhur.com,manufactory,,,,Upload/Manufactories/301/logo/cropped-am-abazhur-favicon-180x180.jpg
1941,Ambassador Flooring,https://www.ambassadorfloor.com,manufactory,,,,Upload/Manufactories/1941/logo/logo.webp
1664,Ambicioni,https://ambicioni.ru,manufactory,,,,Upload/Manufactories/1664/logo/logo.svg
359,amboan,https://www.amboan.com,manufactory,,,,
513,AMC Building Supply,https://buildingmaterialssupplies.com,manufactory,,,,
1577,American Leather,https://www.americanleather.com,manufactory,,,,Upload/Manufactories/1577/logo/group_1_2_1695745783__67491.original.png
486,American Olean,https://www.americanolean.com,manufactory,,,,Upload/Manufactories/486/logo/AOLogo_header.png
1088,American Standard,https://www.americanstandard.ca,manufactory,,,,Upload/Manufactories/1088/logo/AS_logo_inline_brandclaim_1200x625_ad62808f-4ffa-457a-af99-92ce7ff66b2c.jpg
1930,Amerock,https://www.amerock.com,manufactory,,,,
412,Ames Tile & Stone,https://www.amestile.com,manufactory,,,,Upload/Manufactories/412/logo/ames-logo.svg
164,Anatolia,https://www.anatoliatile.com,manufactory,,,,Upload/Manufactories/164/logo/logo.svg
1839,Ancard,https://ancard.ru,manufactory,,,,Upload/Manufactories/1839/logo/mobile-logo.png
1030,AND Light,https://andlight.ca,manufactory,,,,Upload/Manufactories/1030/logo/A-N-D_LOGO_Primary-White.png
760,And Tradition,https://www.andtradition.com,manufactory,,,,Upload/Manufactories/760/logo/ATD_Retail_2025_Thorvald-SC95_Momento-JH38_Collect-SC78_Thorvald-SC96-1200x1200.jpg
2155,Andersen Windows,https://www.andersenwindows.com,manufactory,,,,Upload/Manufactories/2155/logo/andersen_logo_tm_rectangle_rgb.svg
2037,Anderson Tuftex,https://andersontuftex.com,manufactory,,,,Upload/Manufactories/2037/logo/Anderson_20Tuftex_20Logo_Olivine.webp
591,Andreu World,https://andreuworld.com,manufactory,,,,Upload/Manufactories/591/logo/logo.svg
280,Andrew Martin,https://www.andrewmartinmarbella.com,manufactory,,,,
989,Angelo Capellini,https://angelocappellini.com,manufactory,,,,Upload/Manufactories/989/logo/Angelo_cappellini_logo_h150_goldx.png
1865,Annihaus,https://annihaus.ru,manufactory,,,,Upload/Manufactories/1865/logo/logo.svg
2116,Annki Studio,https://annki.studio,manufactory,,,,Upload/Manufactories/2116/logo/logo.svg
160,Anthropologie,https://www.anthropologie.com,vender,,,,
1102,Anza,https://www.anzacoffee.com,manufactory,,,,Upload/Manufactories/1102/logo/AnZa_LOGO-01.svg
1570,Anzea,https://www.anzea.com,manufactory,,,,Upload/Manufactories/1570/logo/cfs-apple-touch.png
1360,APE Active Play Ground Equipment,https://www.apeplayground.com,manufactory,,,,Upload/Manufactories/1360/logo/apeLogo-185x93.webp
1659,Apika,https://apika-mirrors.ru,manufactory,,,,
742,Apparatus,https://apparatusstudio.com,manufactory,,,,Upload/Manufactories/742/logo/APPARATUS_WEB_LOGO_BOLD_F2F0DA_400x100px.png
1970,Aqualem,https://aqualem.ca,manufactory,,,,
141,Aquatech,https://www.kerasan.it,manufactory,,,,Upload/Manufactories/141/logo/logo.png
1485,Aquatic,https://aquaticbath.com,manufactory,,,,Upload/Manufactories/1485/logo/apple-touch-icon.png
634,AR Arredamenti,https://www.ararredamenti.it,manufactory,,,,Upload/Manufactories/634/logo/logo-header.png
5,Arauco,https://arauco.com,manufactory,,,,https://dam.247salescenter.com/FsLibrary/Manufacturer/Arauco.png
981,Arbi Bathroom,https://www.arbiarredobagno.com,manufactory,,,,Upload/Manufactories/981/logo/logo.svg
827,Arborite,https://www.arborite.com,manufactory,,,,Upload/Manufactories/827/logo/arborite.jpg
937,Arc Com,https://arc-com.com,manufactory,,,,Upload/Manufactories/937/logo/arc-com_logo.png
1587,Arcadia Modern Home,https://www.arcadiamodernhome.com,manufactory,,,,Upload/Manufactories/1587/logo/Logos-03_82a05073-fb5f-4b60-8308-6a0152687153_170x.png
1083,Arch City Granite & Marble Inc.,https://www.archcitygranite.com,manufactory,,,,Upload/Manufactories/1083/logo/natural-quartz-logo.png
1564,Archipelago,https://archipelago.studio,manufactory,,,,Upload/Manufactories/1564/logo/logo-vector.svg
493,Architectural Ceramics,https://www.architecturalceramics.com,manufactory,,,,Upload/Manufactories/493/logo/mobile_view_logo_410x.png
935,Architex,https://www.architex-ljh.com,manufactory,,,,
581,Arflex,https://www.arflex.it,manufactory,,,,Upload/Manufactories/581/logo/arflex-logo.svg
535,Ariostea,https://www.ariostea-high-tech.com,manufactory,,,,
1887,Aristokraft,https://www.aristokraft.com,manufactory,,,,Upload/Manufactories/1887/logo/masterbrand-logo.png
2089,Ariston,https://www.ariston.com,manufactory,,,,
1398,Arizona Tile,https://www.arizonatile.com,manufactory,,,,Upload/Manufactories/1398/logo/az-tile-logo.svg
385,arketipo,https://arketipo.com,manufactory,,,,Upload/Manufactories/385/logo/arketipo-logo-1024x367.webp
1843,Arlight,https://arlight.ru,manufactory,,,,Upload/Manufactories/1843/logo/logo-my-arlight-without-border.svg
673,Armani Casa,https://www.armani-casa.com,manufactory,,,,
2113,Armos,https://www.armos.com,manufactory,,,,Upload/Manufactories/2113/logo/pfavico.ico
1067,Armstrong Ceilings,https://www.armstrongceilings.com,manufactory,,,,Upload/Manufactories/1067/logo/armstrong-logo-en-black.svg
801,Armstrong Flooring,https://www.armstrongflooring.com,manufactory,,,,Upload/Manufactories/801/logo/ArmstrongFlooring_K.svg
161,Arper,https://www.arper.com,manufactory,,,,Upload/Manufactories/161/logo/logo-arper.svg
173,Arriscraft,https://arriscraft.com,manufactory,,,,Upload/Manufactories/173/logo/Arriscraft-Logo-2023-BLACK-NO-FLAME.png
922,Arseno,http://www.arsenopokertables.com,manufactory,,,,
1702,Art Asia Pacific,https://artasiapacific.com,manufactory,,,,Upload/Manufactories/1702/logo/logo-icon.svg
1835,Art For Everyday Inc,https://artforeveryday.com,manufactory,,,,Upload/Manufactories/1835/logo/logo-grey.png
1895,Art Interiors,https://www.artinteriors.ca,manufactory,,,,Upload/Manufactories/1895/logo/logo.png
1798,Art Supply Warehouse,https://www.artsupplywarehouse.com,manufactory,,,,Upload/Manufactories/1798/logo/aswlogo.png
1868,Art.com,https://www.artcom.co.uk,vender,,,,Upload/Manufactories/1868/logo/logo.svg
631,Arte International,https://www.arte-international.com,manufactory,,,,Upload/Manufactories/631/logo/apple-touch-icon.png
1903,Arte Lamp,https://www.artelamp.it,manufactory,,,,Upload/Manufactories/1903/logo/logo.svg
774,Artek,https://www.artek.fi,manufactory,,,,Upload/Manufactories/774/logo/apple-touch-icon.png
1638,Artemide,https://www.artemide.com/en/home,manufactory,,,,Upload/Manufactories/1638/logo/apple-touch-icon.png
249,arteriors,https://www.arteriorshome.com,manufactory,,,,Upload/Manufactories/249/logo/Arteriors-FAVICON.ico
898,Arteva,https://www.arteva.com,manufactory,,,,Upload/Manufactories/898/logo/Logo.png
1689,Artful Prints Factory,https://www.etsy.com/ca/listing/1410090538/modern-navy-blue-abstract-wall-art,manufactory,,,,
585,Article,https://www.article.com,vender,,,,Upload/Manufactories/585/logo/apple-touch-icon-144x144.792733d6.png
479,Articolo,https://www.articololighting.com,manufactory,,,,Upload/Manufactories/479/logo/logo-articolo.svg
536,Artistic Tile,https://www.artistictile.com,manufactory,,,,Upload/Manufactories/536/logo/logo_2_medium.png
1677,Artistic Weavers,https://www.artisticweavers.net,manufactory,,,,
1695,ArtizenGraphics,https://www.etsy.com/ca/listing/1471262779/watercolor-landscape-wall-art-modern,manufactory,,,,
232,ArtNova,https://www.artnova.ca,manufactory,,,,Upload/Manufactories/232/logo/ACHe0d04XrGP7RzVwXZLxcMjCS6DoicFhBp6qqrKguaJ5HY-K0RtyQVu09UeriRCZ2FWSfu-L5WS0Z8scWT0AYpsqpuzNUV1bEmovHLnZViv_hpAcilpV01v
729,Artpole,https://www.artpole.ru,manufactory,,,,Upload/Manufactories/729/logo/logo.svg
1833,Artwell,https://www.artwell.ca,manufactory,,,,Upload/Manufactories/1833/logo/XrdZ2B4KlPq2TlAnlxpktp6TTL8.png
1453,AS- IS Brand,https://as-isbrand.com,manufactory,,,,Upload/Manufactories/1453/logo/AI_Logo_withQualifier_Black.png
1561,Ascet,https://ascet.store,manufactory,,,,Upload/Manufactories/1561/logo/-logo.png
2095,Ashley Burkesville,https://3dsky.org/3dmodels/show/ashley_burkesville_bookcase,manufactory,,,,
925,Asko,https://www.asko.com,manufactory,,,,Upload/Manufactories/925/logo/favicon.ico
1834,Askona,https://www.askona.ru,manufactory,,,,
1233,ASL Lighting,https://asllighting.com,manufactory,,,,Upload/Manufactories/1233/logo/logo.png
692,Aston Martin,https://www.astonmartin.com,manufactory,,,,Upload/Manufactories/692/logo/favicon.ico
1826,Astov,https://astov.ru,manufactory,,,,Upload/Manufactories/1826/logo/logo-ASTOV_cut.png
1349,Astro Lighting,https://www.astrolighting.com,manufactory,,,,Upload/Manufactories/1349/logo/88618-lit-lighting-design-awards.jpg
268,Atelier D'Amis,https://www.atelierdamis.com,manufactory,,,,Upload/Manufactories/268/logo/Screen_Shot_2022-06-25_at_6.23.04_PM.png
1008,Atelier De Troupe,https://atelierdetroupe.com,manufactory,,,,Upload/Manufactories/1008/logo/apple-touch-icon.png
1745,ATLANT,https://atlant.by,manufactory,,,,Upload/Manufactories/1745/logo/c6vj1eihqwef04ab7go8rmntktifvvmj.jpg
492,Atlas Concorde,https://www.atlasconcorde.com,manufactory,,,,
693,Audi,https://www.audi.com/en,manufactory,,,,Upload/Manufactories/693/logo/apple-touch-icon.png
1891,Aurica,https://aurica.ca,manufactory,,,,Upload/Manufactories/1891/logo/isotipo-aurica.svg
1255,Avaani,https://avaanistone.com,manufactory,,,,Upload/Manufactories/1255/logo/Avaani_Main-Logo_Regular.png
1581,Avanity Madison,https://www.avanity.com,manufactory,,,,Upload/Manufactories/1581/logo/019_Avanitylogo-tag-1.png
727,AVE,https://www.ave.it,manufactory,,,,Upload/Manufactories/727/logo/Logo-premio-100-eccellenze-italiane.jpg
6,Avenue,https://avenuecanada.ca,manufactory,,,,https://dam.247salescenter.com/FsLibrary/Manufacturer/Avenue.jpg
422,Avenue Road,https://avenue-road.com,manufactory,,,,Upload/Manufactories/422/logo/apple-touch-icon.png
367,AXC,https://3dsky.org/3dmodels/show/metallicheskii_taburet_as_19_1,manufactory,,,,
7,Axor,https://www.axor-design.com,manufactory,,,,
987,AXYZ,https://secure.axyz-design.com,3D Assest Site,,,,Upload/Manufactories/987/logo/apple-touch-icon.png
1737,Azarova Home,https://azarovahome.com,manufactory,,,,
270,B&B Italia,https://www.bebitalia.com,manufactory,,,,
1616,B&K,https://swcollins.com/shop/plumbing-supplies/drains-and-drain-fittings/tub-and-shower-drains/shower-drain/190548-bandk-24-in-linear-shower-drain-offset-pattern-grate-brushed-nickel,manufactory,,,,
200,Baby Expert,https://www.baby-expert.com,manufactory,,,,
136,Baker,https://www.bakerfurniture.com,manufactory,,,,Upload/Manufactories/136/logo/Baker-McGuire-Logo.svg
1421,Baker Furniture,https://www.bakerfurniture.com,manufactory,,,,Upload/Manufactories/1421/logo/Baker-McGuire-Logo.svg
1173,Baldwin,https://www.baldwinhardware.com,manufactory,,,,Upload/Manufactories/1173/logo/baldwinlogowhite.svg
874,Baltus,https://baltusinteriors.com,manufactory,,,,Upload/Manufactories/874/logo/baltusicon.svg
1201,Bamco,https://bamco.it,manufactory,,,,Upload/Manufactories/1201/logo/logo-color-no-po.png
340,Barbara Barry,https://www.barbarabarry.com,manufactory,,,,Upload/Manufactories/340/logo/favicon.ico
129,Barker and Stonehouse,https://www.barkerandstonehouse.co.uk,manufactory,,,,Upload/Manufactories/129/logo/logo.svg
2001,Barkman,https://www.barkmanconcrete.com,manufactory,,,,Upload/Manufactories/2001/logo/logo.png
484,Barn Light,https://www.barnlight.com,manufactory,,,,Upload/Manufactories/484/logo/ble-bottom-logo-150x150-r.png
1491,Basco,https://bascoshowerdoor.com,manufactory,,,,Upload/Manufactories/1491/logo/basco-logo_3x.png
991,Baux,https://www.baux.se,manufactory,,,,Upload/Manufactories/991/logo/apple-touch-icon.png
245,Baxter,https://www.baxter.it,manufactory,,,,Upload/Manufactories/245/logo/apple-icon-57x57.png
930,BDDW,https://bddw.com,manufactory,,,,Upload/Manufactories/930/logo/bddw-logo-drawn.png
1281,Beachcrest Home,https://www.wayfair.com,manufactory,,,,
758,Beacon,https://www.beaconlighting.com.au,manufactory,,,,Upload/Manufactories/758/logo/logo.svg
894,Beauflor,https://www.beauflor.com,manufactory,,,,Upload/Manufactories/894/logo/logo-beauflor-eu.png
414,Beaulieu,https://www.beaulieucanada.com,manufactory,,,,Upload/Manufactories/414/logo/brand-of-beaulieu_logo_white_200x83.png
1286,Beauti Tone,https://beautitonefandeck.renoworks.com,manufactory,,,,
761,Bec Brittain,https://www.becbrittain.com,manufactory,,,,Upload/Manufactories/761/logo/BB_Logo-ivory_on_transparent.png
2165,Bed Bath & Beyond,https://bedbathbeyond.co.uk,vender,,,,
1473,Beds.one,https://beds.one,manufactory,,,,Upload/Manufactories/1473/logo/bo_asset_4fd2c80c_apple-touch-icon-180.png
166,BELDEN,https://www.beldenbrick.com,manufactory,,,,Upload/Manufactories/166/logo/Belden-Home-ogimage.jpg
2000,Belgard,https://www.belgard.com,manufactory,,,,
1670,Belka Design,https://belkadesign.ru,manufactory,,,,Upload/Manufactories/1670/logo/logo.svg
2117,Bella Cera,https://www.bellacerawaterproof.com,manufactory,,,,Upload/Manufactories/2117/logo/logo.png
741,Bella Figura,https://www.bellafigura.com,manufactory,,,,Upload/Manufactories/741/logo/logo.svg
781,Bellevue,https://www.bellevue.com,manufactory,,,,Upload/Manufactories/781/logo/logo.jpg
1580,Bellus,https://bellus-russia.ru,manufactory,,,,
444,Belvisi Kitchen and Furniture,https://www.belvisifurniture.co.uk,manufactory,,,,Upload/Manufactories/444/logo/nidi_logo.png
1739,BENEDETTINI,https://www.benedettinicabinetry.com,manufactory,,,,Upload/Manufactories/1739/logo/favicon.ico
2006,Benedettini Cabinetry,https://www.benedettinicabinetry.com,manufactory,,,,Upload/Manufactories/2006/logo/favicon.ico
8,Benjamin Moore,https://www.benjaminmoore.com,manufactory,,,,Upload/Manufactories/8/logo/BM_Logo_Black-png.png
315,Benjamin Rugs & Furniture,https://www.benjaminrugsandfurniture.com,manufactory,,,,
1161,Bennett Awards,https://www.bennettawards.com,manufactory,,,,Upload/Manufactories/1161/logo/Horizontal_Accent_Dark_Back.png
219,Bentley,https://www.bentleymotors.com,manufactory,,,,Upload/Manufactories/219/logo/Simplified_20Positive_BMdotCom_1000x500_2x1.png
1548,Bergenson Bjorn,https://www.bergenson-bjorn.com,manufactory,,,,Upload/Manufactories/1548/logo/logo-fill.svg
1850,Berloni,https://berloni.com,manufactory,,,,Upload/Manufactories/1850/logo/logo-berloni-header.png
198,Bernhardt,https://bernhardt.com,manufactory,,,,Upload/Manufactories/198/logo/bernhardt_residential_icon.png
561,Berridge,https://www.berridge.com,manufactory,,,,Upload/Manufactories/561/logo/logo-80x0-c-default.png
9,Bertazzoni,https://ca.bertazzoni.com,manufactory,,,,Upload/Manufactories/9/logo/apple-touch-icon-precomposed.png
1149,Berto,https://www.bertosalotti.ru,manufactory,,,,Upload/Manufactories/1149/logo/apple-touch-icon.png
2013,BHP,https://bhp.co.uk,manufactory,,,,Upload/Manufactories/2013/logo/bhp-logo.svg
214,BiF USA,https://bifusa.com,manufactory,,,,Upload/Manufactories/214/logo/bif_logo_e92d769e-9001-47d8-8938-1ac2d4fe07f5_60x.png
1848,Billiani,https://www.billiani.it/it,manufactory,,,,Upload/Manufactories/1848/logo/logo-biliani.svg
1523,Bino Home,https://www.bino-home.ru,manufactory,,,,Upload/Manufactories/1523/logo/noroot.png
395,Bizzotto,https://www.bizzotto.com,manufactory,,,,Upload/Manufactories/395/logo/logo_FSC_IT.png
353,Black & Key,https://www.blackandkey.co.uk,manufactory,,,,Upload/Manufactories/353/logo/bnk-logo.png
1040,Black Creek Studios,https://www.etsy.com/au/listing/603873003/compass-wood-sign-states-print-wooden,manufactory,,,,
1087,Blackstone Granite and Marble Inc,https://blackstonesd.com,manufactory,,,,Upload/Manufactories/1087/logo/archic_bold_logo.svg
10,Blanco,https://www.blanco.com,manufactory,,,,Upload/Manufactories/10/logo/logo-white.113..svg
1312,Blu Dot,https://www.bludot.com,manufactory,,,,Upload/Manufactories/1312/logo/BD_solidLogo_blue_RGB_1200x628px.png
1241,Bludot,https://www.bludot.com,manufactory,,,,Upload/Manufactories/1241/logo/BD_solidLogo_blue_RGB_1200x628px.png
694,BMW,https://www.bmw.ca,manufactory,,,,
1605,Bo Concept,https://www.boconcept.com/da-dk,manufactory,,,,Upload/Manufactories/1605/logo/54bf6703-1dd8-4246-bfbf-b301007581b9.jpg
719,Bocci Design,https://bocci.com,manufactory,,,,Upload/Manufactories/719/logo/icon-256.png
1882,BOGACHO,https://bogacho.ru,manufactory,,,,Upload/Manufactories/1882/logo/40c1ty5epg3irosea58p0vefcy8ez9dx.png
756,BOKT,https://www.bokthome.com,manufactory,,,,Upload/Manufactories/756/logo/1_220x.png
323,BOLLE,https://www.bolle.net,manufactory,,,,Upload/Manufactories/323/logo/BOLLE..svg
800,Bolta,https://www.boltawallcovering.com,manufactory,,,,Upload/Manufactories/800/logo/bolta_logo_new.gif
1648,Bolzan Letti,https://www.bolzanletti.it,manufactory,,,,
776,Bomma,https://www.bomma.cz,manufactory,,,,
687,Bonaldo,https://www.bonaldo.com/en,manufactory,,,,
167,Boral,https://www.boral.com.au,manufactory,,,,Upload/Manufactories/167/logo/boral_logo.png
12,Bosch,https://www.bosch-home.ca,manufactory,,,,Upload/Manufactories/12/logo/bosch.777c3df3.svg
1841,Bosma,https://bosma.net,manufactory,,,,Upload/Manufactories/1841/logo/sedo_logo.png
1920,Bottega veneta,https://www.bottegaveneta.com,manufactory,,,,
2127,Bouclair,https://www.bouclair.com,manufactory,,,,Upload/Manufactories/2127/logo/DAT-GC-Logo.webp
1708,Boutique Rugs,https://boutiquerugs.com,manufactory,,,,Upload/Manufactories/1708/logo/br-logo1.png
504,BP,https://bpcan.com,manufactory,,,,
1871,BPI,https://www.bpi.co.uk,manufactory,,,,Upload/Manufactories/1871/logo/large-9b81d5c3a6b1b3bdf99c2ff74ec3cec8.webp
151,Brabbu,https://www.brabbu.com,manufactory,,,,Upload/Manufactories/151/logo/brabbu-logo-web.png
2057,Bradley Corp,https://www.bradleycorp.com,manufactory,,,,
163,Brampton Brick,https://bramptonbrick.com,manufactory,,,,Upload/Manufactories/163/logo/Brampton_20Brick_20-blk.svg
506,Brentano,https://www.brentanofabrics.com,manufactory,,,,Upload/Manufactories/506/logo/brentanologored.png
1257,Brentwood,https://www.brentwoodclassics.com,manufactory,,,,Upload/Manufactories/1257/logo/favicon.99e112146d9a.png
13,Brizo,https://www.brizo.com,manufactory,,,,Upload/Manufactories/13/logo/logo-brizo_0.png
931,Broan,https://broan-nutone.com,manufactory,,,,Upload/Manufactories/931/logo/broan-nutone.png
1231,Brownlee Lighting,https://www.brownlee.com,manufactory,,,,Upload/Manufactories/1231/logo/lswlogo.png
1095,Bruce hardwood,https://www.bruce.com,manufactory,,,,Upload/Manufactories/1095/logo/logo-global.svg
187,Buchner,https://buchner.ca,manufactory,,,,Upload/Manufactories/187/logo/rs_w_57_h_57_m.jpg
1129,Budelli Wing Chair Cognac Leather Dark Walnut,https://www.wesleyhall.com,manufactory,,,,Upload/Manufactories/1129/logo/wh_logo.png
1274,Bulova,https://www.bulova.com,manufactory,,,,Upload/Manufactories/1274/logo/CIT_Services_01_FreeShip.png
814,Burch,https://burchfabrics.com,manufactory,,,,Upload/Manufactories/814/logo/burch_logo.png
969,Burgbad,https://burgbad.de/en/international-e,manufactory,,,,
567,Burke Decor,https://www.burkedecor.com,vender,,,,
382,Burosit,https://www.burosit.com,manufactory,,,,Upload/Manufactories/382/logo/burosit-web-sitesi-icon-siyah.png
869,Burov,https://www.burov.com,manufactory,,,,Upload/Manufactories/869/logo/cropped-brico-180x180.png
205,Burton Eloise,https://www.onekingslane.com,manufactory,,,,
1164,Busnelli,https://www.busnelli.it,manufactory,,,,
1898,Byled,https://www.byled.fr,manufactory,,,,Upload/Manufactories/1898/logo/logo_bl.png
2161,C.H.I. Overhead Doors,https://chioverheaddoors.com,manufactory,,,,
819,Cabana Coast,https://cabanacoast.com,manufactory,,,,Upload/Manufactories/819/logo/Favicon2.png
2063,Caesar Ceramics USA,https://www.caesarceramicsusa.com,manufactory,,,,Upload/Manufactories/2063/logo/CAESAR-Logo-USA-425-C-positivo.png
14,Caesarstone,https://www.caesarstone.ca,manufactory,,,,Upload/Manufactories/14/logo/Good-Housekeeping-Logo-150x150.avif
1997,Cafe Appliances,https://www.cafeappliances.com,manufactory,,,,
1777,Calia Stone,https://caliastone.com,manufactory,,,,Upload/Manufactories/1777/logo/Calia_Logo.png
355,Calligaris,https://calligaristoronto.ca,manufactory,,,,Upload/Manufactories/355/logo/logo.svg
2091,Calvin Klein,https://www.calvinklein.com,manufactory,,,,
1109,Cambria,https://www.cambriausa.com,manufactory,,,,Upload/Manufactories/1109/logo/foam-h-rgb.svg
461,Cameron Design House,https://camerondesignhouse.com,manufactory,,,,Upload/Manufactories/461/logo/CDH_Logo_WEB_0106a1b7-ca8f-4e65-8fbf-1dbe805aebaf_410x.png
138,Camille Ottomans,https://www.thesofaandchair.co.uk,manufactory,,,,Upload/Manufactories/138/logo/apple-touch-icon.png
89,Canada Brick,https://canadabrick.com,manufactory,,,,Upload/Manufactories/89/logo/CanadaBrickLogo.jpg
78,Canamould,https://canamould.com,manufactory,,,,
972,Canarm,https://www.canarm.com,manufactory,,,,Upload/Manufactories/972/logo/logo_2.png
1519,Canaropa,https://canaropa.com,manufactory,,,,Upload/Manufactories/1519/logo/cropped-canaropa-favicon-2018-02-07-180x180.png
485,Cane Line,https://cane-line.com,manufactory,,,,Upload/Manufactories/485/logo/logo_400x.png
507,Cane-Line,https://cane-line.com,manufactory,,,,Upload/Manufactories/507/logo/logo_400x.png
1686,Canot Stop Prints,https://www.etsy.com/ca/listing/1034464798/blue-prints-3-pieces-wall-art-abstract,manufactory,,,,
370,Canroof,https://www.canroof.com,manufactory,,,,Upload/Manufactories/370/logo/CRC_RPRO_LOGO_STKD_EN-1.svg
1280,Cantilever,https://www.cantilever.it,manufactory,,,,
15,Cantrio,https://cantrio.com,manufactory,,,,
16,Cantrio Koncepts,https://cantrio.com,manufactory,,,,
176,Canyon stone canada,https://canyonstonecanada.com,manufactory,,,,Upload/Manufactories/176/logo/logo_3.png
1256,Cape Cod,https://www.capecodsiding.com,manufactory,,,,
2129,Capital,https://capital.com:443/en-int,manufactory,,,,Upload/Manufactories/2129/logo/apple-icon-57x57.png
1265,Capital Lighting,https://www.capitallightingfixture.com,manufactory,,,,Upload/Manufactories/1265/logo/capitallighting-logo-white.png
278,Cappellini,https://www.cappellini.com/ww/en.html,manufactory,,,,Upload/Manufactories/278/logo/logo.svg
873,Caracole,https://caracole.com,manufactory,,,,Upload/Manufactories/873/logo/caracole_logo_Black_high_res.svg
1315,Cararm,https://www.canarm.com,manufactory,,,,Upload/Manufactories/1315/logo/logo_2.png
1416,Caravel,https://www.caravel.com,manufactory,,,,
596,Carleton V Ltd,https://carletonvltd.com,manufactory,,,,Upload/Manufactories/596/logo/logo.png
861,Carlo de Carli,https://carlodecarli.com,manufactory,,,,Upload/Manufactories/861/logo/cropped-CDC-icon-013_-180x180.png
17,Caroma,https://www.caromausa.com,manufactory,,,,Upload/Manufactories/17/logo/logo.svg
1374,Cartier Kitchens,https://cartierkitchens.com,manufactory,,,,Upload/Manufactories/1374/logo/logo.png
130,Casa Furniture,https://casafurniture.com,manufactory,,,,Upload/Manufactories/130/logo/29057_1683731423__73463.original.png
2041,Casabella,https://www.casabellafloors.com,manufactory,,,,Upload/Manufactories/2041/logo/Casabella_Logo.png
1813,Casablanca,https://www.hunterfan.com/pages/casablanca,manufactory,,,,Upload/Manufactories/1813/logo/Hunter_140_Web_Logo_png_135x45.png
1706,Casalgrande Padana,https://www.casalgrandepadana.com,manufactory,,,,Upload/Manufactories/1706/logo/logo_social.jpg
847,Cassina,https://www.cassina.com/ww/fr.html,manufactory,,,,Upload/Manufactories/847/logo/logo.svg
2118,Cast Fireplaces Inc.,https://castfireplaces.com,manufactory,,,,Upload/Manufactories/2118/logo/CastFireplaces-Logo-Horizontal-White.png
870,Castlery,https://www.castlery.com,manufactory,,,,Upload/Manufactories/870/logo/apple-touch-icon.png
199,Cattelan Italia,https://www.cattelanitalia.com,manufactory,,,,Upload/Manufactories/199/logo/logo_nero-1024x328.png
878,Cava,https://www.cavadivani.it,manufactory,,,,Upload/Manufactories/878/logo/logo-cava-since.png
145,Cazarina,https://cazarina.com,manufactory,,,,Upload/Manufactories/145/logo/logo_xxl.png
439,CB2,https://www.cb2.com,vender,,,,
467,Cedar & Moss,https://cedarandmoss.com,manufactory,,,,Upload/Manufactories/467/logo/CM_horizontal_blk_r_12e0d881-4622-4c9c-87db-037d6777c6e5.png
798,Centura Tile,https://www.centura.ca,manufactory,,,,Upload/Manufactories/798/logo/centura-logo-colour.svg
177,Centurion,https://www.centurion.ca,manufactory,,,,Upload/Manufactories/177/logo/logo-centurion.svg
826,Century Furniture,https://www.centuryfurniture.com,manufactory,,,,Upload/Manufactories/826/logo/img-certipur-us-logo.png
1978,Cepac Tile,https://cepactile.com,manufactory,,,,Upload/Manufactories/1978/logo/cepac-logo-198x80.png
1309,Ceragres,https://www.ceragres.ca,manufactory,,,,Upload/Manufactories/1309/logo/apple-touch-icon.png
2124,Ceratec Surfaces,https://ceratec.com,manufactory,,,,Upload/Manufactories/2124/logo/Ceratec_Logo.svg
2044,Cersanit,https://www.cersanit.com,manufactory,,,,Upload/Manufactories/2044/logo/logo.png
1467,Certainteed,https://www.certainteed.com,manufactory,,,,Upload/Manufactories/1467/logo/logo.svg
1575,CFC Furniture,https://franceandson.ca,manufactory,,,,Upload/Manufactories/1575/logo/logo_3_33a6e2ee-248a-49d0-99d4-cdc4d6cfa2c1.png
1952,CG Trader,https://www.cgtrader.com,3D Assest Site,,,,Upload/Manufactories/1952/logo/cgtrader_RGB_white-b1ebb927fbb3b393cfd0.svg
1563,CGDoca,https://3dsky.org/3dmodels/show/childrens_tent,manufactory,,,,
880,Chaddock,https://chaddock.com,manufactory,,,,Upload/Manufactories/880/logo/logo.png
1440,ChamClad,https://chamclad.com,manufactory,,,,Upload/Manufactories/1440/logo/AmeriLux_International_Logo_Black.pdf-1024x269.png
1851,Chameleon Top Coatings,https://chameleontopcoatings.com,manufactory,,,,Upload/Manufactories/1851/logo/Chameleon-TopCoatings-Logo1.png
1119,Charlotte James Furniture,https://www.charlottejamesedinburgh.com,manufactory,,,,Upload/Manufactories/1119/logo/footer-partner-logos-1.png
342,Charter Furniture,https://www.charterfurniture.com,manufactory,,,,Upload/Manufactories/342/logo/null.jpg
1817,Chelsea Art Studio,https://chelseaartstudio.com,manufactory,,,,Upload/Manufactories/1817/logo/CAS_big_C.png
1610,Chest glass Garda Decor,https://garda-opt.ru,manufactory,,,,Upload/Manufactories/1610/logo/garda-logo.svg
695,Chevrolet,https://www.chevrolet.com,manufactory,,,,Upload/Manufactories/695/logo/chevrolet-logo-v2.png
2018,CHI Nucor,https://www.chiohd.com,manufactory,,,,Upload/Manufactories/2018/logo/CHI-logo.svg
360,chista,https://www.chista.net,manufactory,,,,Upload/Manufactories/360/logo/logo.jpg
1652,Christian Liaigre,https://www.christian-liaigre.com,manufactory,,,,
262,christine kröncke,https://www.christinekroencke.net,manufactory,,,,Upload/Manufactories/262/logo/CK_logo_kl.svg
257,Christophe Delcourt,https://www.christophedelcourt.com,manufactory,,,,Upload/Manufactories/257/logo/favicon.ico
326,Christopher boots,https://christopherboots.com,manufactory,,,,Upload/Manufactories/326/logo/android-chrome-512x512-1-220x220.png
909,Christopher Guy,https://www.christopherguy.com,manufactory,,,,Upload/Manufactories/909/logo/logo_transparent.png
1482,CILEK,https://cilekworld.com,manufactory,,,,Upload/Manufactories/1482/logo/Cilek_logo_120x_50011721-705a-40ed-b9df-24ace7aaf700_100x.png
20,Ciot,https://ciotlegno.com,manufactory,,,,Upload/Manufactories/20/logo/logo-noir.svg
310,circa lighting,https://www.circalighting.com,manufactory,,,,
21,Citywide,https://citywidedh.com,manufactory,,,,
1228,CK Stones,https://ckstones.com,manufactory,,,,
1123,Clarke & Clarke,https://clarke-clarke.com,manufactory,,,,
452,Classic Con,https://www.classicon.com,manufactory,,,,
1406,Clayton,https://www.clayton.ca,manufactory,,,,Upload/Manufactories/1406/logo/spaceship-logo.svg
1487,Cleveland Faucet Group,https://www.cfgonline.com,manufactory,,,,
1441,Clopay,https://www.clopaydoor.com,manufactory,,,,Upload/Manufactories/1441/logo/clopay-logo2x.jpg
892,Cloverdale Paint,https://www.cloverdalepaint.com,manufactory,,,,Upload/Manufactories/892/logo/logo.png
881,Coaster,https://www.coasterfurniture.com,manufactory,,,,Upload/Manufactories/881/logo/cff_80.png
440,Coco Republic,https://www.cocorepublic.com.au,manufactory,,,,Upload/Manufactories/440/logo/coco-logo.svg
1382,Cocoon,https://cocoonfires.com,manufactory,,,,Upload/Manufactories/1382/logo/cocoon_logo_Black.png
871,Cofur,http://www.cofur.dk,manufactory,,,,Upload/Manufactories/871/logo/COFUR-HEADER-LOGO-300x144.png
1589,Collectic Home,https://collectichome.com,manufactory,,,,
1955,Colonial Iron Doors,https://colonialirondoors.com,manufactory,,,,Upload/Manufactories/1955/logo/cropped-cidfav-180x180.png
2009,Color Guild,https://www.myperfectcolor.com,manufactory,,,,
2010,Colorwheel,https://www.colorwheel.net,manufactory,,,,Upload/Manufactories/2010/logo/48705fbabea7340a7bd257c302528c4247462fa0-200x100.png
1060,Colour and Design,https://colouranddesign.com,manufactory,,,,Upload/Manufactories/1060/logo/colour-design-logo-230.png
1268,Colour Steels,https://www.russelmetals.com/en/company/color-steels,manufactory,,,,Upload/Manufactories/1268/logo/color-steels-1-2.png
1666,Como Casa,https://comocasa.ru,manufactory,,,,Upload/Manufactories/1666/logo/logos_telegram.svg
1246,Concertex,https://www.concertex.com,manufactory,,,,
2164,Congoleum,https://www.congoleum.com,manufactory,,,,Upload/Manufactories/2164/logo/congo_favicon-1-300x300.png
791,Construction Specialities,https://www.c-sgroup.com,manufactory,,,,Upload/Manufactories/791/logo/logo.svg
22,Contrac,https://contrac.ca,manufactory,,,,Upload/Manufactories/22/logo/contrac-logo.svg
1802,Cooler HotFrost,https://www.hotfrost.ru,manufactory,,,,Upload/Manufactories/1802/logo/logo1.svg
1984,Cooper Lighting,https://www.cooperlighting.com,manufactory,,,,Upload/Manufactories/1984/logo/cooper_signify_logo_header_tall.png
757,Copenhagen,https://www.copenhagen.com,manufactory,,,,Upload/Manufactories/757/logo/logotype_en.png
1019,Copper Grove,https://www.coppergrove.com,manufactory,,,,
2036,COREtec Floors,https://coretecfloors.com,manufactory,,,,
1282,Corian,https://coriandesignsamples.colors2u.net,manufactory,,,,Upload/Manufactories/1282/logo/Corian-Design_RGB_HORIZONTAL-1024x346.png
642,Cornelio Cappellini,https://www.corneliocappellini.com,manufactory,,,,Upload/Manufactories/642/logo/apple-touch-icon-57x57.e8805f06.png
1351,Cornilleau,https://us.cornilleau.com,manufactory,,,,Upload/Manufactories/1351/logo/cornilleau-north-america-logo-1711438323.jpg
168,CORONADO,https://www.coronado.com,manufactory,,,,Upload/Manufactories/168/logo/coronado-stone-products-logo-optimized.webp
1318,Cosentino,https://www.cosentino.com,manufactory,,,,
1642,Cosmo Surfaces,https://cosmosurfaces.com,manufactory,,,,Upload/Manufactories/1642/logo/68feffc7a353b2d8afeff3d1_Logo_20square_20_no_20background_.webp
722,CosmoLiving,https://www.cosmoliving.com,manufactory,,,,Upload/Manufactories/722/logo/sedo_logo.png
387,Cosmorelax,https://www.cosmorelax.ru,manufactory,,,,Upload/Manufactories/387/logo/cosmo_logo.svg
1923,Costa Bella,https://costabella.ca,manufactory,,,,Upload/Manufactories/1923/logo/qt_q_95.png
1924,Covali,https://covali.ru,manufactory,,,,Upload/Manufactories/1924/logo/logo_covali.png
927,Cove,https://www.cove.net,manufactory,,,,Upload/Manufactories/927/logo/card.jpg
1275,COX & COX,https://www.coxandcox.co.uk,manufactory,,,,Upload/Manufactories/1275/logo/logo.svg
2163,Craft and Main,https://craftandmain.com,manufactory,,,,Upload/Manufactories/2163/logo/CM-logo-w.png
614,Crate and Barrel,https://www.crateandbarrel.com,vender,,,,
178,Creative Mines,https://creativemines.us,manufactory,,,,Upload/Manufactories/178/logo/logo.webp
820,Critelli's,https://www.critellifurniture.com,manufactory,,,,Upload/Manufactories/820/logo/critellis-logo-furn-1.png
580,Croft House,https://www.crofthouse.com,manufactory,,,,Upload/Manufactories/580/logo/1213417509_Insta_Logo_351_32x32.jpg
1138,Crosstown,https://crosstownshadeandglass.com,manufactory,,,,Upload/Manufactories/1138/logo/horizontal-logo-large.png
794,Crown Surface Solutions,https://www.crownsurfacesolutions.com,manufactory,,,,Upload/Manufactories/794/logo/CrownLogo.png
837,Crown Wallpapers and Fabrics,https://www.crownsurfacesolutions.com,manufactory,,,,Upload/Manufactories/837/logo/CrownLogo.png
921,Crystal Lux,https://crystallux.ru,manufactory,,,,Upload/Manufactories/921/logo/logo.webp
408,CTL Leather,https://www.ctlleather.com,manufactory,,,,Upload/Manufactories/408/logo/CTL_GL_new-logo-1024x538.png
2160,Cullman Cabinets,https://cullmancabinet.com,manufactory,,,,Upload/Manufactories/2160/logo/5a9eb28e3dd0520001f632f9_logo.png
1553,Cultured Stone,https://www.culturedstone.com,manufactory,,,,
1411,Cumberland,https://www.cumberland.com,manufactory,,,,Upload/Manufactories/1411/logo/logo.svg
149,Curations Limited,https://curationslimited.com,manufactory,,,,
743,Currey & Company,https://www.curreyandcompany.com,manufactory,,,,Upload/Manufactories/743/logo/logo.png
676,Curtis,https://www.minotti.com,manufactory,,,,Upload/Manufactories/676/logo/logo.png
449,Cutting Edge Stencils,https://www.cuttingedgestencils.com,manufactory,,,,Upload/Manufactories/449/logo/benjamin-moore-logo-new-4191338834_13c83b4c-198f-4cb3-88f6-f921b3dea80c.png
1107,Cyclone,https://cyclonerangehoods.com,manufactory,,,,Upload/Manufactories/1107/logo/Cyclone-Logo-Red-ca5fe8d4.webp
334,Dagiga,https://dagigathermofoil.com,manufactory,,,,Upload/Manufactories/334/logo/logo-dagiga-tagline.jpg
1965,Dajica Cabinetry,https://dajica.ca,manufactory,,,,Upload/Manufactories/1965/logo/Laurin-logo-color.png
260,Dallagnese,https://dallagnese.it,manufactory,,,,Upload/Manufactories/260/logo/DALLAGNESE_logo.svg
550,Daltile,https://www.daltile.com,manufactory,,,,Upload/Manufactories/550/logo/DAL_Logo_H_Black.png
897,Dantone,https://dantonehome.ru,manufactory,,,,Upload/Manufactories/897/logo/logo.svg
255,DCW EDITIONS,https://dcw-editions.com,manufactory,,,,Upload/Manufactories/255/logo/DCW_Editions_Logo_dark.svg
1598,Debonademeo,https://www.debonademeo.it,manufactory,,,,Upload/Manufactories/1598/logo/DEBONADEMEO_logo_linear-black-web.png
2152,Deckorators,https://www.deckorators.com,manufactory,,,,Upload/Manufactories/2152/logo/deckorators-horizontal-notagline-blackandred-logo.png
1710,Decorative fabrics direct,https://www.decorativefabricsdirect.com,manufactory,,,,Upload/Manufactories/1710/logo/sunbrella-logo.png
1239,Decorist,https://www.decorist.com,vender,,,,
1283,Decotec Inc,https://www.decotecinc.com,manufactory,,,,Upload/Manufactories/1283/logo/logo.png
2154,Dekorators,https://www.deckorators.com,manufactory,,,,Upload/Manufactories/2154/logo/deckorators-horizontal-notagline-blackandred-logo.png
2096,Dekorlist,https://3dsky.org/3dmodels/show/cookie_side_table_by_dekorlist_3,manufactory,,,,
608,Dekton,https://thedekton.com,manufactory,,,,
2012,Del Conca USA,https://www.delconcausa.com,manufactory,,,,Upload/Manufactories/2012/logo/Logo_Del_Conca_USA_Black.jpg
875,Delcourt,https://www.christophedelcourt.com,manufactory,,,,Upload/Manufactories/875/logo/favicon.ico
296,Delightful Unique Lamps,https://delightfull.eu,manufactory,,,,Upload/Manufactories/296/logo/delightfull-logo-wht.svg
1576,DellaRobbia,https://www.dellarobbia.com,manufactory,,,,Upload/Manufactories/1576/logo/DellaRobbia_Logo.jpeg
26,Delta,https://www.deltafaucet.com,manufactory,,,,Upload/Manufactories/26/logo/logo.svg
784,Delta Light,https://deltalight.com,manufactory,,,,Upload/Manufactories/784/logo/apple-touch-icon.png
373,depadova,https://www.depadova.com,manufactory,,,,Upload/Manufactories/373/logo/DePadova.svg
1866,Design Bloom,https://designboom.ru,manufactory,,,,
593,Designers Guild,https://www.designersguild.com,manufactory,,,,Upload/Manufactories/593/logo/dg-logo-512-37.png
1422,Designheure,https://www.designheure.com,manufactory,,,,Upload/Manufactories/1422/logo/60f913711e7b7-designheurelogo.svg
571,Designtex,https://www.designtex.com,manufactory,,,,Upload/Manufactories/571/logo/apple-touch-icon.png
294,desiree divani,https://www.desiree.com/it,manufactory,,,,Upload/Manufactories/294/logo/desiree.svg
2112,Desondo,https://desondo.ru,manufactory,,,,Upload/Manufactories/2112/logo/Desondo_fav_180kh180.png
1480,detstkuyu,"https://bed in detstkuyu with pictures in the archive max 2013, the fbx, texture preview.",manufactory,,,,
1297,Devon and Devon,https://www.devon-devon.com,manufactory,,,,Upload/Manufactories/1297/logo/DEVON_favicon_due_48x48.png
286,Dialma Brown,https://www.dialmabrown.com,manufactory,,,,
1541,diemodernkatze,https://diemodernekatze.de,manufactory,,,,Upload/Manufactories/1541/logo/dmk-logo-r_2017.png
789,Diesel Living,https://diesel.com/en-us/living/,manufactory,,,,Upload/Manufactories/789/logo/icons-header-logo.svg
1085,Difiniti Surfaces,https://difinitisurfaces.com,manufactory,,,,Upload/Manufactories/1085/logo/TMLogo230.png
1184,DIKART,https://www.dikart.ru,manufactory,,,,Upload/Manufactories/1184/logo/logo_dikart_2x_new.png
1151,Dimplex,https://www.dimplex.com,manufactory,,,,Upload/Manufactories/1151/logo/logo-dimplex.png
1730,Disano Metropolis,https://www.disano.it,manufactory,,,,
1568,District Eight,https://districteight.com,manufactory,,,,Upload/Manufactories/1568/logo/logo.png
110,Ditre Italia,https://www.ditreitalia.com/it,manufactory,,,,Upload/Manufactories/110/logo/apple-touch-icon.png
1390,Ditte,https://3dsky.org/3dmodels/show/velvet_ditte_sofa_emerald_sofa,manufactory,,,,
1544,Divan Boss,https://mnogomebeli.com,manufactory,,,,
879,Divani Casa,https://www.vigfurniture.com,manufactory,,,,Upload/Manufactories/879/logo/VIG-LOGO-SM_1.png
1346,Divine Flooring,https://divinefloor.com,manufactory,,,,Upload/Manufactories/1346/logo/Divine_blanc_2_1600x.png
1603,dk3,https://www.dk3.ca,manufactory,,,,
534,DL Couch,https://www.dlcouch.com,manufactory,,,,
1079,DMF,https://www.dmflighting.com,manufactory,,,,Upload/Manufactories/1079/logo/cropped-Group-10_402x.jpg
1714,Dobbs Modern,https://3dsky.org/3dmodels/show/table_lamp_04_2,manufactory,,,,
1649,Dodomiv,https://3dsky.org/3dmodels/show/sidus_pristavnoi_stolik,manufactory,,,,
1183,DOF,https://www.dof.com,manufactory,,,,Upload/Manufactories/1183/logo/6298620bcb60e751e0f3002d_webclip.png
900,Dome Deco,https://www.domedeco.com,manufactory,,,,Upload/Manufactories/900/logo/logo-dd-2021-r2nccsg7q6539it3iwa604nrrx0p0avfwq52ntg1cw.png
2126,Domvs Surfaces,https://domvs-surfaces.com,manufactory,,,,Upload/Manufactories/2126/logo/DOMVS_LOGO_PNG___283_29.png
1844,Donolux,https://www.donolux.ru,manufactory,,,,Upload/Manufactories/1844/logo/logo.png
1223,Doorsmith,https://doorsmith.ca,manufactory,,,,Upload/Manufactories/1223/logo/Novatech-Logo.png
825,Dor Val,https://dorval.co.uk/en-gb,manufactory,,,,Upload/Manufactories/825/logo/icon.png
832,Dor-val,https://www.dor-val.com,manufactory,,,,Upload/Manufactories/832/logo/home-DV-care-logo.png
1820,Dornbracht,https://www.dornbracht.com,manufactory,,,,Upload/Manufactories/1820/logo/apple-touch-icon.png
1828,Dot and Bo,https://www.dotandbo.com,manufactory,,,,Upload/Manufactories/1828/logo/rs_w_57_h_57_m.jpg
119,Dovlet House,https://www.dovlethouse.com,manufactory,,,,Upload/Manufactories/119/logo/logo.svg
1400,Dreamweaver,https://www.dwellingsef.com,manufactory,,,,Upload/Manufactories/1400/logo/vendor_logo_square_en-us.png
375,driade,https://www.driade.com,manufactory,,,,
1407,Dryvit,https://www.dryvit.com,manufactory,,,,Upload/Manufactories/1407/logo/dryvit-logo.png
523,Duchateau,https://duchateau.com,manufactory,,,,Upload/Manufactories/523/logo/du-logo-mark.svg
793,Dulux,https://www.dulux.co.uk,manufactory,,,,Upload/Manufactories/793/logo/DULUX_RGB_imp_05.png
939,Dunbar Seating,https://www.collectdunbar.com,manufactory,,,,Upload/Manufactories/939/logo/Dunbar_LogoTrans.png
1332,Dundas Matheson,https://dundasmatheson.com,manufactory,,,,Upload/Manufactories/1332/logo/DMAP_Architecture_Finishes_Wood_Solution_Veneer_Interior_Exterior_Plan_Elevation_Material_Logo_White-01-01.png
876,DUNN,https://www.studiodunn.com,manufactory,,,,Upload/Manufactories/876/logo/Studio_20DUNN.png
1076,Durabond,https://www.durabond.com,manufactory,,,,Upload/Manufactories/1076/logo/durabond-logo.svg
816,Duralee,https://www.duralee.com,manufactory,,,,Upload/Manufactories/816/logo/trad_logo.png
844,Duranar,https://www.ppgmetalcoatings.com,manufactory,,,,Upload/Manufactories/844/logo/ppg-logo.svg
27,Duravit,https://www.duravit.us,manufactory,,,,
1180,Durock,https://durock.ca,manufactory,,,,Upload/Manufactories/1180/logo/logo_Durock.png
1928,Duron,https://www.myperfectcolor.com/paint/486207-duron-8713w-kindling-wood,manufactory,,,,
2070,Dutton Brown,https://www.duttonbrown.com,manufactory,,,,Upload/Manufactories/2070/logo/logo-dutton-brown-gray-orange.svg
218,DV Home,https://www.dvhomecollection.it,manufactory,,,,Upload/Manufactories/218/logo/6bee04_6eee9cb1e4a44f46aee171ab1bf12e20_mv2.png
1378,DVI Lighting,https://www.dvcanada.com,manufactory,,,,
565,DWR,https://www.dwr.com,vender,,,,Upload/Manufactories/565/logo/apple-touch-icon.png
1188,DXV,https://www.dxv.com,manufactory,,,,Upload/Manufactories/1188/logo/dxv_menu_logo.png
1858,Eames Radio,https://3dsky.org/3dmodels/show/eames_radio_charles_e_ray_eames_1946,manufactory,,,,
2031,Earthworks Stone,https://earthworksstone.com,manufactory,,,,
573,Ebpocbet,https://eurosvet.ru,manufactory,,,,Upload/Manufactories/573/logo/apple-touch-icon.png
1557,Eco Surfaces,https://www.ecosurfaces.com,manufactory,,,,Upload/Manufactories/1557/logo/apple-touch-icon.png
530,Ecore,https://ecoreintl.com,manufactory,,,,Upload/Manufactories/530/logo/ecore-logo.svg
1927,ECOS Paints,https://ecospaints.net,manufactory,,,,
2105,Ecostone,https://ecostone.ca,manufactory,,,,Upload/Manufactories/2105/logo/cropped-ECOstone-logo-smaller-1.png
1600,Edelform,http://www.edelformgroup.com,manufactory,,,,
1002,Edelman,https://www.edelmanleather.com,manufactory,,,,
553,EF Contract Flooring,https://www.efcontractflooring.com,manufactory,,,,Upload/Manufactories/553/logo/logo-header.svg
28,Egger,https://www.egger.com,manufactory,,,,Upload/Manufactories/28/logo/gen_egger_logo_fr.svg
959,Eglo,https://www.eglo.com,manufactory,,,,
259,eichholtz,https://www.eichholtz.com,manufactory,,,,Upload/Manufactories/259/logo/logo.svg
1855,Elac,https://www.elac.com,manufactory,,,,Upload/Manufactories/1855/logo/logo-100-b.svg
1502,Elba Mebel factory,https://elbamebel.com,manufactory,,,,Upload/Manufactories/1502/logo/a1cec836f96169d69d56c6812e6ae92c.svg
968,Eldeform,http://www.edelformgroup.com,manufactory,,,,
197,Eldorado,https://www.eldoradostone.com,manufactory,,,,Upload/Manufactories/197/logo/es-logo-2022-one-line-4cp-cmyk-tm-071422-01-002.svg
1439,Electrolux,https://www.electrolux.ca,manufactory,,,,
1870,Eleganza Tiles,https://eleganzatiles.com,manufactory,,,,
1838,Elektrostandard,https://elektrostandard.ru,manufactory,,,,Upload/Manufactories/1838/logo/apple-touch-icon.png
2093,Elfa,https://elfa.com,manufactory,,,,Upload/Manufactories/2093/logo/elfa_logo.svg
533,Elitis,https://www.elitis.fr,manufactory,,,,Upload/Manufactories/533/logo/apple-touch-icon.png
1968,Elizabeth Millar,https://stone-tile.com/CA_EN/kafe-klic.html,manufactory,,,,
958,Elk lighting,https://www.elklightinglights.com,manufactory,,,,Upload/Manufactories/958/logo/visualcomfort-t-logo.webp
436,Elkay,https://www.elkay.com,manufactory,,,,Upload/Manufactories/436/logo/zebrands-elkay-logo-navy-svg.svg
1216,Elleci,https://www.elleci.com,manufactory,,,,Upload/Manufactories/1216/logo/AMB_2_DIALOGO_VISTA-E_001.webp
2086,Ellips,https://ellips.com,manufactory,,,,Upload/Manufactories/2086/logo/logo.svg
2083,Ellipse,https://ellipse.ca,manufactory,,,,Upload/Manufactories/2083/logo/ellipse-fr.svg
1238,eltemkt,https://eltemkt.com,manufactory,,,,Upload/Manufactories/1238/logo/Mkt_logo_Black.png
929,Emmemobili,https://www.emmemobili.it,manufactory,,,,Upload/Manufactories/929/logo/a74d91_57a833de9b264cdd9d16ac065625edf5_mv2.png
664,Emser Tile,https://www.emser.com,manufactory,,,,
1520,Emtek,https://www.emtek.com,manufactory,,,,Upload/Manufactories/1520/logo/Select_Video.png
1152,Engineered Floors,https://www.engineeredfloors.com,manufactory,,,,Upload/Manufactories/1152/logo/Asset-1.svg
1551,English Helm,https://englishelm.com,manufactory,,,,Upload/Manufactories/1551/logo/EE_Logo_-_High_Resolution_Image.png
1106,Ennis Fabrics,https://www.ennisfabrics.com,manufactory,,,,Upload/Manufactories/1106/logo/EnnisFabrics_H_Tag_RGB_39a435ce-4816-4ba1-8681-070227578256_220x.png
169,ENVIRONMENTAL STONEWORKS,https://www.estoneworks.com,manufactory,,,,Upload/Manufactories/169/logo/cropped-logo.svg
1313,Eos,https://eos.com,manufactory,,,,Upload/Manufactories/1313/logo/apple-touch-icon.png
903,Epic,https://www.epicdoors.ca,manufactory,,,,Upload/Manufactories/903/logo/Epic-Industries-Logo-1.png
425,EQ3,https://www.eq3.com/ca/en,manufactory,,,,Upload/Manufactories/425/logo/apple-touch-icon.png
1363,Equipark,https://equiparc.com,manufactory,,,,Upload/Manufactories/1363/logo/main-logo.svg
782,Essential Home,https://www.essentialhome.co.uk,manufactory,,,,
345,Ethan Allen,https://www.ethanallen.com,manufactory,,,,Upload/Manufactories/345/logo/favicon.ico
364,ethimo,https://www.ethimo.com,manufactory,,,,
289,Ethnicraft,https://ethnicraft.com,manufactory,,,,Upload/Manufactories/289/logo/apple-touch-icon.png
1678,Etsy,https://www.etsy.com,vender,,,,
1324,Eureka Lighting,https://www.eurekalighting.com,manufactory,,,,Upload/Manufactories/1324/logo/logo.png
29,Eurofase,https://www.eurofase.com,manufactory,,,,Upload/Manufactories/29/logo/europhase-logo.svg
468,Europlac,https://www.europlac.com,manufactory,,,,Upload/Manufactories/468/logo/67bc138a73bb0e445ef1065b_wood-vides-icon.webp
1831,Eurosvet,https://eurosvet.ru,manufactory,,,,Upload/Manufactories/1831/logo/apple-touch-icon.png
1100,eva solo,https://www.evasolo.com,manufactory,,,,Upload/Manufactories/1100/logo/Eva_Trio_logo_white.png
489,Everlast,https://www.everlast.com,manufactory,,,,Upload/Manufactories/489/logo/Everlast_Wordmark-WHITE.webp
1681,Everyday Summit,https://www.etsy.com/ca/listing/500929056/sports-home-decor-vintage-sports-wall,manufactory,,,,
418,Evoke,https://evokeflooring.com,manufactory,,,,Upload/Manufactories/418/logo/favicon.ico
154,Exteta,https://www.exteta.it,manufactory,,,,Upload/Manufactories/154/logo/social-icon.png
31,Faber,https://www.faberonline.com,manufactory,,,,Upload/Manufactories/31/logo/Faber_logo_darkforest_P3435C.png
386,Fabio Fantolino,https://fabiofantolino.com/en,manufactory,,,,Upload/Manufactories/386/logo/logo-bright.png
599,Fabricut,https://fabricut.com,manufactory,,,,Upload/Manufactories/599/logo/fabricut-d191a16b970a46de9a17f14ca5f7f08a12d425d4e5b890ef9294e71e8e471f27.svg
1633,Fabrika,https://www.fabrika-moder.ru,manufactory,,,,
1945,Facings of America,https://www.facingsofamerica.com,manufactory,,,,Upload/Manufactories/1945/logo/Facings-of-America.svg
1631,factory furniture,https://www.factoryfurniture.com,manufactory,,,,
1810,Fanimation,https://fanimation.com,manufactory,,,,Upload/Manufactories/1810/logo/logo_sig.png
587,FARO,https://faro.es,manufactory,,,,Upload/Manufactories/587/logo/favicon-ios.png
653,Faucetmart,https://www.faucetmart.ca,manufactory,,,,
737,Favourite Lighting,https://favourite-light.com,manufactory,,,,Upload/Manufactories/737/logo/Favourite_logo_2017_NEW.PNG
886,Federica Biasi,https://www.federicabiasi.com,manufactory,,,,Upload/Manufactories/886/logo/apple-touch-icon.png
738,Feiss,https://www.murrayfeiss.lightingnewyork.com,manufactory,,,,Upload/Manufactories/738/logo/visualcomfort-t-logo.webp
2099,Fendi,https://www.fendicasa.com,manufactory,,,,Upload/Manufactories/2099/logo/Location_the_metaphysic_space_Fendi_Casa.webp
233,Fenicia Mobiliario,https://www.feniciamobiliario.com,manufactory,,,,
979,Fiam Italia,https://www.fiamitalia.com,manufactory,,,,Upload/Manufactories/979/logo/logo.svg
1569,Fil Doux,https://www.fildoux.com,manufactory,,,,
586,Finnish Design Shop,https://www.finnishdesignshop.com,manufactory,,,,
544,Fireclay Tile,https://www.fireclaytile.com,manufactory,,,,Upload/Manufactories/544/logo/fireclay-logo.svg
1465,fireplaces.com,https://www.fireplaces.com,manufactory,,,,Upload/Manufactories/1465/logo/bd667f8f4bcafcbb83c4aa623a162429c47c60b4-177x33.svg
2058,FISCHER & PAYKEL,https://www.fischerpaykel.com,manufactory,,,,
1049,Fisher and Paykel,https://www.fisherpaykel.com,manufactory,,,,Upload/Manufactories/1049/logo/favicon.ico
1435,Fisher Coating,https://fishercoating.com,manufactory,,,,Upload/Manufactories/1435/logo/fisher-coating-scroll-logo.svg
1292,Fisher Paykel,https://www.fisherpaykel.com,manufactory,,,,Upload/Manufactories/1292/logo/favicon.ico
380,Fjord and Co,https://www.wayfair.com,manufactory,,,,
243,Flexform,https://www.flexform.it,manufactory,,,,Upload/Manufactories/243/logo/logo-flexform.svg
150,Flexsteel,https://www.flexsteel.com,manufactory,,,,Upload/Manufactories/150/logo/logo_d4757e86-d3e9-4b0b-933a-673e32b62eb6.svg
1438,Flextile,https://flextile.net,manufactory,,,,
532,Flor,https://www.flor.com,manufactory,,,,Upload/Manufactories/532/logo/logo.svg
2008,Florida Paints,https://floridapaintsfandeck.chameleonpower.com,manufactory,,,,
1122,Florida Seating,https://floridaseating.com,manufactory,,,,Upload/Manufactories/1122/logo/floridaseating-logo-alt.svg
1113,Florim,https://www.florim.com,manufactory,,,,
246,FLOS,https://usa.flos.com,manufactory,,,,Upload/Manufactories/246/logo/apple-touch-icon.png
239,Flou,https://www.flou.com/en,manufactory,,,,Upload/Manufactories/239/logo/Logo_Flou.png
2043,Flow,https://www.flow.com,manufactory,,,,Upload/Manufactories/2043/logo/68d31a0a137e203bcf6624f6_flow-logo.svg
1366,Floyd-Hi,https://www.floyd.co.uk,manufactory,,,,
2045,Fluid,https://aquarina.ca,manufactory,,,,Upload/Manufactories/2045/logo/Aquarina_Logo-removebg-preview.png
253,fontana arte,https://www.fontanaarte.com,manufactory,,,,
696,Ford,https://www.ford.ca,manufactory,,,,
80,Foremost,https://www.foremost.ca,manufactory,,,,Upload/Manufactories/80/logo/website-template-OG.webp
2053,Foresight Lighting,https://foresightlight.com,manufactory,,,,Upload/Manufactories/2053/logo/6209.png
1894,Form,https://www.form.com,manufactory,,,,Upload/Manufactories/1894/logo/box-logo-pepsico600x300.svg
1795,Forma,https://3dsky.org/3dmodels/show/pis_miennyi_stol_forma_prm_21,manufactory,,,,
609,Formica,https://www.formica.com,manufactory,,,,Upload/Manufactories/609/logo/logo.svg
1505,Forno,https://theforno.com,manufactory,,,,Upload/Manufactories/1505/logo/cropped-Hard__29_-removebg-preview.png
170,FORTERRA,https://www.forterra.com,manufactory,,,,Upload/Manufactories/170/logo/6a30367d37b698c1438e0b51_Frame_20234.svg
313,foscarini,https://www.foscarini.com,manufactory,,,,Upload/Manufactories/313/logo/paolo_venice-02_1-img-big-scaled.jpg
912,foundstone,https://www.wayfair.com,manufactory,,,,
1721,four hands,https://fourhands.com,manufactory,,,,Upload/Manufactories/1721/logo/apple-touch-icon.png
1573,France&Son,https://www.franceson.com,manufactory,,,,Upload/Manufactories/1573/logo/155c0b_4eb71c30fcfb4a84ab4ae8e119912837_mv2.png
1889,Francini,https://inventory.francinimarble.com,manufactory,,,,
1112,Franke,https://www.franke.com,manufactory,,,,Upload/Manufactories/1112/logo/logo-box-1.svg
724,Fraser,https://meetmattfraser.com,manufactory,,,,Upload/Manufactories/724/logo/Matt-Fraser-2023-Logo.png
377,Fratelli Barri,https://www.fratellibarri.ru,manufactory,,,,Upload/Manufactories/377/logo/57-57.png
982,Frato,https://www.frato.com,manufactory,,,,Upload/Manufactories/982/logo/RxGKjx9nC-capa_lookbook_2.jpg
1098,Frendel,https://www.frendel.com,manufactory,,,,Upload/Manufactories/1098/logo/logo.png
297,frigerio orazio,https://www.frigerio.com,manufactory,,,,Upload/Manufactories/297/logo/apple-icon-57x57.png
639,Frigidaire,https://www.frigidaire.ca,manufactory,,,,Upload/Manufactories/639/logo/frigidaire-full-color-logo.svg
508,Frontgate,https://www.frontgate.com,manufactory,,,,
1279,Fulgor Milano,https://www.fulgor-milano.com,manufactory,,,,Upload/Manufactories/1279/logo/logo.png
1650,Full House,https://fullhouse.ca,manufactory,,,,Upload/Manufactories/1650/logo/FullHouseLottery_Logos-02-e1734980648584-178x159.png
1634,funriture factory,https://3dsky.org/3dmodels/show/om_krovat_laura_mini_romano_home,manufactory,,,,
1036,Furinno,https://www.furinno.com,manufactory,,,,Upload/Manufactories/1036/logo/Furinno-Logo-NEW-20210420-01-e1739437259466-r1fsxk0cqqfcgbkk3x6y0rz309978rjlkk1ubv0b7g.png
954,Furnitera,https://furnitera.su,manufactory,,,,Upload/Manufactories/954/logo/cropped-android-chrome-512x512-1-180x180.png
1606,furniture factory,https://www.furniturefactory.com,manufactory,,,,Upload/Manufactories/1606/logo/sedo_logo.png
790,Fuzion Flooring,https://homeowner.fuzionflooring.com,manufactory,,,,
191,GAF,https://www.gaf.de,manufactory,,,,Upload/Manufactories/191/logo/logo_website-rpf9tzksf4bhjlnzipz6ta8ezwjed90ejn4b0svqe0.png
1387,Gaggenau,https://www.gaggenau.com,manufactory,,,,Upload/Manufactories/1387/logo/GG-logo-black-RGB.png
1273,Gaggia,https://www.gaggia.com,manufactory,,,,Upload/Manufactories/1273/logo/accessori_crema-perfetta-filter-holder-kit-G-logo.png
965,gaia,https://www.gaiamobili.com,manufactory,,,,
34,Galaxy,https://www.galaxy.com,manufactory,,,,Upload/Manufactories/34/logo/blockchain_infra_logos.png
910,Galimberti Nino,https://galimberti.it,manufactory,,,,Upload/Manufactories/910/logo/cropped-favicon-180x180.png
381,Gallotti & Radice,https://www.gallottiradice.it,manufactory,,,,Upload/Manufactories/381/logo/logo.svg
216,GAMMA,https://www.gammarr.com,manufactory,,,,Upload/Manufactories/216/logo/apple-touch-icon.png
1811,Ganguin,https://www.minkaaire.com,manufactory,,,,Upload/Manufactories/1811/logo/header-logo-01.png
190,GARAGA,https://www.garaga.com,manufactory,,,,
368,garda decor,https://garda-opt.ru,manufactory,,,,Upload/Manufactories/368/logo/garda-logo.svg
1914,Garnet Home,https://3dsky.org/3dmodels/show/om_konsol_amber_ot_garnethome,manufactory,,,,
1565,Garrett Leather,https://www.garrettleather.com,manufactory,,,,Upload/Manufactories/1565/logo/garrett-leather-logo.png
509,GE,https://www.geappliances.com,manufactory,,,,Upload/Manufactories/509/logo/logo.png
1051,General Appliances,https://www.generalappliances.ca,manufactory,,,,Upload/Manufactories/1051/logo/logo.png
1976,General Electric,https://www.geappliances.com,manufactory,,,,Upload/Manufactories/1976/logo/logo.png
948,Generation lighting,https://generationlighting.com,manufactory,,,,
2003,Genesis,https://3dsky.org/3dmodels/show/gas_grill_flate_1,manufactory,,,,
477,Gentek,https://www.gentek.ca,manufactory,,,,Upload/Manufactories/477/logo/Gentek-Window-Collection-Video-Thumbnail-English.png
2148,Georgia-Pacific,https://www.gpvinylsiding.com,manufactory,,,,Upload/Manufactories/2148/logo/BlueLinx-Logo-Blue-Tagline.png
1308,Gerflor,https://www.gerflor.com,manufactory,,,,
153,GETAMA,https://www.1stdibs.com/furniture/seating/armchairs/scandinavian-pair-of-armchairs-model-ge290-hans-wegner-getama/id-f_13099751,manufactory,,,,
120,Gio Ponti,https://www.gio-ponti.de,manufactory,,,,Upload/Manufactories/120/logo/logo_art_directory.jpg
446,Giopato & Coombes,https://www.giopatocoombes.com,manufactory,,,,Upload/Manufactories/446/logo/icon_512x512.1d0133.png
156,Giorgetti,https://giorgetti.us,manufactory,,,,
911,Giorgio Collection,https://giorgiocollection.com,manufactory,,,,Upload/Manufactories/911/logo/logo_horizontal_black.svg
1700,Giri Designs,https://giridesigns.com,manufactory,,,,Upload/Manufactories/1700/logo/GIRI_DESIGNS_WEBSITE_LOGo.png
363,gispen,https://www.gispen.com,manufactory,,,,Upload/Manufactories/363/logo/thul-Gispen-black-letter.png
1469,Glen Gery,https://www.glengery.com,manufactory,,,,Upload/Manufactories/1469/logo/apple-touch-icon.png
821,Global,https://www.globalfurnituregroup.com,manufactory,,,,Upload/Manufactories/821/logo/apple-icon-180x180.png
1159,Globe Bids,https://globebids.co.uk,manufactory,,,,
1203,GlobeWest,https://www.globewest.com.au,manufactory,,,,Upload/Manufactories/1203/logo/logo.svg
430,Gloster,https://www.gloster.com,manufactory,,,,Upload/Manufactories/430/logo/gloster-logo.svg
1376,Goodfellow,https://www.goodfellowinc.com,manufactory,,,,Upload/Manufactories/1376/logo/new-goodfellow-logo.png
914,Gracie Oaks,https://www.wayfair.com,manufactory,,,,
627,Gramercy Home,https://www.gramercy.com,manufactory,,,,Upload/Manufactories/627/logo/gramercy-logo-main-1.svg
1196,Granite Plus,https://granite-plus.net,manufactory,,,,Upload/Manufactories/1196/logo/graniteplus-logo-navy.png
1742,Gray Cardinal,https://www.graycardinal.com,manufactory,,,,Upload/Manufactories/1742/logo/favicon.ico
1654,Great Big Canvas,https://www.greatbigcanvas.com,manufactory,,,,Upload/Manufactories/1654/logo/gbc-logo.svg
203,Greco Strom,https://grecostrom.gr,manufactory,,,,
1111,Grohe,https://www.grohe.ca,manufactory,,,,Upload/Manufactories/1111/logo/grohe_logo_5ed4d49c-1760-4ce6-87e0-3d092f0ebb88.jpg
943,Guardian,https://www.guardian.com/us/en,manufactory,,,,Upload/Manufactories/943/logo/Logo-A-Koch-Company_Guardian-pro2.png
448,Guaxs,https://www.guaxs.com,manufactory,,,,Upload/Manufactories/448/logo/46162a_cdf9e4525f224a059d0e3ce7a1c066d4.png
299,Gubi,https://gubi.com/en/int,manufactory,,,,Upload/Manufactories/299/logo/01.jpg
853,H Contract,https://www.contract.com.au,manufactory,,,,Upload/Manufactories/853/logo/favicon.ico
556,Haasdoor,https://www.haasdoor.com,manufactory,,,,Upload/Manufactories/556/logo/OpenTheDoor_logo-270x65-1920w.png
688,Haiku,https://www.haiku.com,manufactory,,,,Upload/Manufactories/688/logo/spaceship-logo.svg
2084,Hallmark Lighting,https://hallmarkbilliards.com,manufactory,,,,Upload/Manufactories/2084/logo/cropped-Hallmark-logo-2025-2.png
2032,Halquist,https://www.halquiststone.com,manufactory,,,,Upload/Manufactories/2032/logo/halquist-logo.png
884,Hanadesign,https://hanadesign.pl,manufactory,,,,Upload/Manufactories/884/logo/ALK-Abello_logo.png
1720,handvark,https://handvark.com,manufactory,,,,Upload/Manufactories/1720/logo/LOGO2022_1.png
1957,Hansen,https://www.hansen.de,manufactory,,,,Upload/Manufactories/1957/logo/new_16er_logo.png
35,Hansgrohe,https://www.hansgrohe.ca,manufactory,,,,
101,Hanson Brick,https://www.hansonbrick.com,manufactory,,,,
1964,Hanstone,https://hanstone.ca,manufactory,,,,Upload/Manufactories/1964/logo/1200x630.jpg
1327,Harbor,https://shopharbour.com,manufactory,,,,Upload/Manufactories/1327/logo/harbourLogoB_140x.png
2040,Hardware Resources,https://www.hardwareresources.com,manufactory,,,,Upload/Manufactories/2040/logo/logo.png
1090,Hari Stones,https://www.haristoneslimited.com,manufactory,,,,Upload/Manufactories/1090/logo/logo.png
2081,Harman Kardon,https://www.harmankardon.com,manufactory,,,,Upload/Manufactories/2081/logo/footer-logo.png
652,Harry Cooper Supply Company,https://harrycooper.com,manufactory,,,,Upload/Manufactories/652/logo/logotype.png
1338,Hauser,https://hausersite.com,manufactory,,,,Upload/Manufactories/1338/logo/HauserSite-Logo_Horizonal.png
1809,Havell,https://havells.com,manufactory,,,,Upload/Manufactories/1809/logo/Havells_Logo.svg
1334,Haworth,https://www.haworth.com,manufactory,,,,Upload/Manufactories/1334/logo/Haworth_Logo_Black.png
1014,HAY,https://www.hay.com,manufactory,,,,Upload/Manufactories/1014/logo/logo-hay.png
1027,Hayche,https://www.hayche.com,manufactory,,,,Upload/Manufactories/1027/logo/H_Logo_horizontal_Print_Black_200x.png
512,Hayneedle,https://www.hayneedle.com,manufactory,,,,
1258,HBF Textiles,https://www.hbftextiles.com,manufactory,,,,
2015,Heat and Glo,https://www.heatnglo.com,manufactory,,,,Upload/Manufactories/2015/logo/bebd267250879715a552be5878aa9b7fac2df773-132x40.svg
2014,Heatilator,https://www.heatilator.com,manufactory,,,,Upload/Manufactories/2014/logo/og.png
773,Henge,https://www.henge07.com,manufactory,,,,Upload/Manufactories/773/logo/apple-icon-57x57.png
1244,Herman Miller,https://www.hermanmiller.com/welcome,manufactory,,,,Upload/Manufactories/1244/logo/hm-logo-caption.svg
777,Herve Langlais,https://www.hervelanglais.com,manufactory,,,,Upload/Manufactories/777/logo/tweeter_RV.jpg
2042,HF Stair and Railing,https://houseofforgings.net,manufactory,,,,Upload/Manufactories/2042/logo/HF-Logo-2023-Gold-Black-300px.png
1736,Hi Moon,https://himoon.shop,manufactory,,,,Upload/Manufactories/1736/logo/logos.png
906,Hickory Chair,https://www.hickorychair.com,manufactory,,,,Upload/Manufactories/906/logo/logo-HCC_2013.jpg
1484,Highland Furniture,https://highland.moscow,manufactory,,,,Upload/Manufactories/1484/logo/___.png
583,Hightower,https://hightoweraccess.com,manufactory,,,,Upload/Manufactories/583/logo/Impact_Logos-01.png
1632,Himoon,https://himoon.shop,manufactory,,,,Upload/Manufactories/1632/logo/logos.png
1950,Hinkley,https://www.hinkley.com,manufactory,,,,Upload/Manufactories/1950/logo/logo-black.svg
2080,HITACHI,https://www.hitachi.com,manufactory,,,,Upload/Manufactories/2080/logo/hitachi-logo.png
1174,Hive Modern,https://hivemodern.com,manufactory,,,,
1474,Hoff,https://hoff.ru,manufactory,,,,
2046,Hoffman Cabinets,https://www.hoffmancabinets.com,manufactory,,,,Upload/Manufactories/2046/logo/hoffman-logo-main.png
478,Holdahl,https://www.holdahlcompany.com,manufactory,,,,
374,Hollace Cluny,https://www.hollacecluny.ca,manufactory,,,,Upload/Manufactories/374/logo/logo.svg
157,Holly Hunt,https://www.hollyhunt.com,manufactory,,,,Upload/Manufactories/157/logo/HollyHunt_Logo_final_1_0.svg
271,Home Concept,https://www.homeconcept.com,manufactory,,,,Upload/Manufactories/271/logo/logo.png
613,Home Depot,https://www.homedepot.com,vender,,,,
108,Home Hardware,https://www.homehardware.ca/en,manufactory,,,,Upload/Manufactories/108/logo/hh-logo.svg
346,Home Soft Home,https://www.fairway.com,manufactory,,,,Upload/Manufactories/346/logo/685d7df9759b22ce67d35f82_404e420d0cf7bb3a5fe79489f9ed3f1d_Fairway_20Home_20Mortgage_logo__Horizontal_Color.avif
1039,Homes Direct 365,https://www.homesdirect365.co.uk,manufactory,,,,
1354,Homi,https://homi.ru,manufactory,,,,
697,Honda,https://www.honda.ca/en,manufactory,,,,Upload/Manufactories/697/logo/Acura-Logo-Mono.svg
1160,Honey Wood Home,https://honeywood.com,manufactory,,,,Upload/Manufactories/1160/logo/logo.png
272,Hooker Furniture,https://www.hookerfurniture.com,manufactory,,,,Upload/Manufactories/272/logo/hf-favicon-57x57.png
1768,Horchow,https://www.horchow.com,vender,,,,
1604,Horm.it,https://horm.it,manufactory,,,,Upload/Manufactories/1604/logo/logo_horm_horizontal.svg
339,House Doctor,https://housedoctor.com,manufactory,,,,Upload/Manufactories/339/logo/Meraki_Logo.png
960,Howard Milller,https://howardmiller.com,manufactory,,,,Upload/Manufactories/960/logo/Hourglass_Icon_with_100_Year.png
254,Hudson Valley,https://www.hudson-valley.it,manufactory,,,,
977,Hulsta,https://www.huelsta.com,manufactory,,,,
620,Hunter Douglas,https://assets.hunterdouglasarchitectural.com,manufactory,,,,
411,Huntwood,https://www.huntwood.com,manufactory,,,,Upload/Manufactories/411/logo/HuntwoodCustomCabinets-e1592503657987.png
1722,hUPPE,https://www.hueppe.com,manufactory,,,,Upload/Manufactories/1722/logo/logo.png
698,Hyundai,https://www.hyundaicanada.com,manufactory,,,,Upload/Manufactories/698/logo/logo_line_2540x730_en-1.png
670,iCanvas Art,https://www.icanvas.com,vender,,,,Upload/Manufactories/670/logo/iCanvas_Logo.png
1994,Iddis,https://www.iddis.ru,manufactory,,,,Upload/Manufactories/1994/logo/logo.svg
1449,Ideal Beds,https://idealbeds.ru,manufactory,,,,Upload/Manufactories/1449/logo/logo.webp
1004,IFI Fabrics,https://ififabrics.com,manufactory,,,,
1669,IGOR SHCHIPTSOV,https://3dsky.org/3dmodels/show/om_krovat_emily_1,manufactory,,,,
36,Ikea,https://www.ikea.com,vender,,,,Upload/Manufactories/36/logo/ikea.svg
99,IKO,https://www.iko.com,manufactory,,,,Upload/Manufactories/99/logo/Logo-1.svg
1045,IMDB,https://www.imdb.com,3D Assest Site,,,,
1501,imodern,https://imodern.ru,manufactory,,,,Upload/Manufactories/1501/logo/pixel.jpg
438,Imperial,https://ledfordbilliardsupply.com,manufactory,,,,Upload/Manufactories/438/logo/250x100_lbs_1758131747__01939.original.png
469,impression veneers,https://www.impressionveneers.com,manufactory,,,,Upload/Manufactories/469/logo/Impression_Veneers_logo_Converted_-3.jpg
1662,In Style International Group,https://3dsky.org/3dmodels/show/krovat_dallas_om,manufactory,,,,
1624,Industry Interior,https://3dsky.org/3dmodels/show/bonaldo_arvo_2,manufactory,,,,
564,Industry West,https://www.industrywest.com,manufactory,,,,
1613,Infinity Drain,https://infinitydrain.com,manufactory,,,,Upload/Manufactories/1613/logo/infinity-drain-logo.png
1072,Infinity Woven Vinyl,https://infinitylwv.com,manufactory,,,,Upload/Manufactories/1072/logo/logo.png
1825,Inlavka,https://inlavka.ru,manufactory,,,,Upload/Manufactories/1825/logo/apple-icon-57x57.png.webp
1163,Inmod,https://www.inmod.com,manufactory,,,,Upload/Manufactories/1163/logo/logo2x_1667240774__77950.original.png
1912,INO Design,https://inodesign.co.uk,manufactory,,,,Upload/Manufactories/1912/logo/InoDesign.png
1883,InShapeDesign,https://3dsky.org/3dmodels/show/om_in_shape_graceful_black,manufactory,,,,
1704,Inspire Living,https://www.inspireliving.ca,manufactory,,,,Upload/Manufactories/1704/logo/inspireLivingLogo_2218e67b-0844-4f35-b4e5-53f0c0967635_410x.png
657,Inspire Q,https://www.inspire.com,manufactory,,,,Upload/Manufactories/657/logo/inspire-logo-tm.svg
988,Intelligent design,https://www.intelligentdesign.com,manufactory,,,,
1393,Interceramic,https://interceramicusa.com,manufactory,,,,Upload/Manufactories/1393/logo/Durabody_Logo_H_471C.png
1162,Interface,https://www.interface.fi,manufactory,,,,Upload/Manufactories/1162/logo/Interface-logo-musta-syv-289x100px.png
2142,Irah Surfaces,https://irahsurfaces.com,manufactory,,,,Upload/Manufactories/2142/logo/logo.png
37,Irpinia,https://irpinia.com,manufactory,,,,Upload/Manufactories/37/logo/Irpinia-Logo-1.jpeg
833,ISA international,https://www.isainternational.com,manufactory,,,,
2115,Island,https://www.island.ca,manufactory,,,,Upload/Manufactories/2115/logo/66520b5770102b11ee54ac8e_Island_corp_logo_250px-black.svg
763,Italamp,https://www.italamp.com,manufactory,,,,Upload/Manufactories/763/logo/M_progetto-senza-titolo.jpg
551,Italgranit Group,https://www.italgranitigroup.com,manufactory,,,,Upload/Manufactories/551/logo/LOGO_ItalgranitiGroup_header2.svg
217,Italia,https://www.alfitalia.com,manufactory,,,,Upload/Manufactories/217/logo/apple-touch-icon.png
1120,Italini,https://italini.ru,manufactory,,,,
2019,ITS Tile and Stone,https://www.itsyoursource.com,manufactory,,,,Upload/Manufactories/2019/logo/dd435f_a7f8bdf29c32446295e38b2fe11b1f37_mv2.png
1477,Ivanna Furniture,https://ivanna.furniture,manufactory,,,,
1996,IXL Build,https://ixlbuild.com,manufactory,,,,Upload/Manufactories/1996/logo/ixllogo250x75.png
1498,J & N Stone,https://jnstoneveneer.com,manufactory,,,,Upload/Manufactories/1498/logo/Logo_Footer.png
528,J + J Flooring,https://www.jjflooringgroup.com,manufactory,,,,Upload/Manufactories/528/logo/logo-header.svg
125,Jacaranda Carpets,https://jacarandacarpets.com,manufactory,,,,Upload/Manufactories/125/logo/bid-logo-2.png
975,Jacob Delafon,https://www.jacobdelafon.com,manufactory,,,,
126,Jaipur,https://www.jaipur.ca,manufactory,,,,Upload/Manufactories/126/logo/logo_29aa7b7b-f348-4bcc-a385-6e4d78784df5_230x.png
992,James Dunlop Textiles,https://www.jamesdunloptextiles.com,manufactory,,,,
723,James Hardie,https://www.jameshardie.ca,manufactory,,,,Upload/Manufactories/723/logo/james-hardie-vector-logo.svg
488,Janus et Cie,https://www.janusetcie.com,manufactory,,,,Upload/Manufactories/488/logo/Amari_HeroBannerMobile.jpg
1038,Jata Shop,https://www.jata.es,manufactory,,,,Upload/Manufactories/1038/logo/logo-jata.svg
1641,Javorina,https://www.beoak.com/sk-sk,manufactory,,,,Upload/Manufactories/1641/logo/logo-beoak-by-javorina.0k6f3wc5_l9p2.svg
397,Jaxxon,https://jaxxon.com,manufactory,,,,Upload/Manufactories/397/logo/Company_Logo_3.svg
2079,JBL,https://www.jbl.com,manufactory,,,,Upload/Manufactories/2079/logo/security-logo.png
1814,JD CO MARINE,https://jdmfg.com,manufactory,,,,
2109,Jeffrey Alexander,https://jeffrey-alexander.com,manufactory,,,,
1937,Jeffrey Court,https://www.jeffreycourt.com,manufactory,,,,Upload/Manufactories/1937/logo/aHR0cHM6Ly9qZWZmcmV5LWNvdXJ0LWFzc2V0cy0wcnBhOC5zZXZhbGxhLnN0b3JhZ2UvaW1hZ2VzL0pDLXdoaXRlLXNtYWxsLnBuZw.png
104,Jeld Wen,https://www.jeld-wen.com,manufactory,,,,
39,JennAir,https://www.jennair.com,manufactory,,,,
1799,Jennifer Young Fine Art,https://www.jenniferyoung.com,manufactory,,,,Upload/Manufactories/1799/logo/logo.jpg
365,Jeremiah,https://jeremiah.com,manufactory,,,,Upload/Manufactories/365/logo/sedo_logo.png
746,Jeremy Piles,https://www.nichemodern.com,manufactory,,,,Upload/Manufactories/746/logo/Shopify_Niche_Logo_1.png
995,Jerry Pair,https://www.jerrypairleather.com,manufactory,,,,Upload/Manufactories/995/logo/Dark_Brown_Jerry_Pair_Leather_Hex_Logo_2022_200x.png
928,Jesse,https://www.jesse.it,manufactory,,,,Upload/Manufactories/928/logo/logo-jesse-black.png
953,Jessica Charles,https://jessicacharles.com,manufactory,,,,Upload/Manufactories/953/logo/JC_Logo.jpg
604,JF Fabrics,https://www.jffabrics.com,manufactory,,,,Upload/Manufactories/604/logo/jf-logo-black.svg
1566,Jim Thompson Fabrics,https://www.jimthompsonfabrics.com,manufactory,,,,Upload/Manufactories/1566/logo/95be6028-dcaf-4589-9045-645cdec04913.png
1687,JJ Design house,https://jjdesignhouse.com,manufactory,,,,Upload/Manufactories/1687/logo/JJ_Design_House_Logo_long_2.png
1132,JNL,https://www.jnl.it,manufactory,,,,Upload/Manufactories/1132/logo/sedo_logo.png
732,John Richard,https://www.johnrichard.com,manufactory,,,,Upload/Manufactories/732/logo/jr.jpg
1022,Johnathan Adler,https://jonathanadler.com,manufactory,,,,Upload/Manufactories/1022/logo/Logo_9e1b3274-8429-4da5-9976-6bb5a7b3b035.png
808,Johnsonite,https://commercial.tarkett.com/johnsonite,manufactory,,,,Upload/Manufactories/808/logo/favicon-180x180.png
1611,jome home,https://www.jomehome.com,manufactory,,,,
354,Jonathan Adler,https://jonathanadler.com,manufactory,,,,Upload/Manufactories/354/logo/Logo_9e1b3274-8429-4da5-9976-6bb5a7b3b035.png
747,Jonathan Browning,https://www.jonathanbrowninginc.com,manufactory,,,,Upload/Manufactories/747/logo/home-logo.png
899,Jonathan Charles,https://www.jonathancharlesfurniture.com,manufactory,,,,Upload/Manufactories/899/logo/JC-logo-DBI-Section-417x331.png
1767,JONATHAN Y Pele,https://www.jonathany.com,manufactory,,,,Upload/Manufactories/1767/logo/88895e18b14de1bd5716dda683a03a74_1024x1024.png
1423,Joss & Main,https://www.jossandmain.com,vender,,,,
1724,Joybird,https://joybird.com,manufactory,,,,Upload/Manufactories/1724/logo/favicon.ico
1744,JSC ATLANT,https://atlant.by,manufactory,,,,Upload/Manufactories/1744/logo/c6vj1eihqwef04ab7go8rmntktifvvmj.jpg
1752,Julia Grup,https://www.juliagrup.com,manufactory,,,,Upload/Manufactories/1752/logo/logo-JuliaGrup.jpg
1009,Julian Chichester,https://us.julianchichester.com,manufactory,,,,Upload/Manufactories/1009/logo/favicon.png
402,Julian Tile,https://www.juliantile.com,manufactory,,,,Upload/Manufactories/402/logo/new-canadian.png
424,Juniper,https://www.juniper-design.com,manufactory,,,,Upload/Manufactories/424/logo/Salone-Del-Mobile-Logo.png
1222,Juno,https://junolighting.com,manufactory,,,,Upload/Manufactories/1222/logo/logo-juno-rev.png
1412,Kahrs,https://www.kahrs.com,manufactory,,,,Upload/Manufactories/1412/logo/kahrs_logoMain_s.png
1490,Kale,https://www.kale.com.tr,manufactory,,,,Upload/Manufactories/1490/logo/kalelogo.png
1712,Kalibroom,https://kalibroom.ru,manufactory,,,,Upload/Manufactories/1712/logo/logo.svg
2076,Kallista,https://www.kallista.com,manufactory,,,,Upload/Manufactories/2076/logo/kallista-logo-white.svg
1784,Kamea,https://kamea.ru,manufactory,,,,
1330,Karakter,https://www.karakter-copenhagen.com,manufactory,,,,
282,Kare Design,https://kare-design.com.ua,manufactory,,,,Upload/Manufactories/282/logo/logo.png
1055,KASSATEX,https://kassatex.com,manufactory,,,,Upload/Manufactories/1055/logo/favicon_69c7087c-9c73-469b-a7d9-b810b28a7d79_57x57.png
1355,Kastel,https://www.kastel.it,manufactory,,,,Upload/Manufactories/1355/logo/favicon-300x300.webp
681,Kate-lotile & stone,https://www.katelotile.com,manufactory,,,,Upload/Manufactories/681/logo/kate-lo-logo.svg
966,KATHARINE POOLEY,https://katharinepooley.com,manufactory,,,,Upload/Manufactories/966/logo/katharinepooley.svg
511,Kathy Kuo,https://www.kathykuohome.com,manufactory,,,,Upload/Manufactories/511/logo/logo_2023.svg
100,Kaycan,https://www.kaycan.com,manufactory,,,,
1264,Keca International,https://www.keca.ca,manufactory,,,,Upload/Manufactories/1264/logo/logo.webp
1571,Kelly Forslund,https://www.kellyforslund.com,manufactory,,,,Upload/Manufactories/1571/logo/logo.svg
376,kelly wearstler,https://www.kellywearstler.com,manufactory,,,,Upload/Manufactories/376/logo/WEARSTLERWORLD_Wordmark.png
1926,Kemper,https://www.kemper.com,manufactory,,,,Upload/Manufactories/1926/logo/printlogo.png
1003,Kenall,https://kenall.com,manufactory,,,,Upload/Manufactories/1003/logo/LNA.brand.brandseal-w260.png
2005,Kenmore,https://www.kenmore.com,manufactory,,,,Upload/Manufactories/2005/logo/Kenmore_Wordmark_Logo_Black_RGB.svg
1985,Kentmore,https://kentmore.com,manufactory,,,,Upload/Manufactories/1985/logo/cropped-JPG-file-1-180x180.png
526,Kentwood Floors,https://kentwoodfloors.com/us,manufactory,,,,Upload/Manufactories/526/logo/favicon.ico
2085,KEO,https://www.keo.com,manufactory,,,,Upload/Manufactories/2085/logo/Website_Logo_Full.jpg
1299,Keramag,https://www.geberit.com,manufactory,,,,
140,Kerasan,https://www.kerasan.com,manufactory,,,,Upload/Manufactories/140/logo/logo.png
1207,Kettal,https://www.kettal.com,manufactory,,,,
1832,Keuco,https://www.keuco.com/en_ca,manufactory,,,,Upload/Manufactories/1832/logo/KE22A02_KV_C030_HOCKER_Detail_LSR_v010_dB_Main.1000_uc_3A1-1-Square
1859,Keyvan Alizadeh,https://3dsky.org/3dmodels/show/radio_kcl,manufactory,,,,
699,Kia,https://www.kia.ca,manufactory,,,,Upload/Manufactories/699/logo/apple-touch-icon.png
252,Kichler,https://www.kichler.com,manufactory,,,,Upload/Manufactories/252/logo/kichlerLogo.3800d964.svg
887,Kimberly Denman,https://www.kimberlydenman.com,manufactory,,,,Upload/Manufactories/887/logo/kd_logo_300_JPEG_.png
404,Kindred,https://www.kindredhospitals.com,manufactory,,,,Upload/Manufactories/404/logo/kindred-hospitals-horiz-cmyk.png
1673,Kink Light,https://kinklight.ru,manufactory,,,,Upload/Manufactories/1673/logo/logo-new.svg
592,Kirkby Design,https://www.kirkbydesign.com,manufactory,,,,Upload/Manufactories/592/logo/logo-feature-kd.png
1559,Kitchen Craft,https://www.kitchencraft.com,manufactory,,,,Upload/Manufactories/1559/logo/logo.png
41,KitchenAid,https://www.kitchenaid.ca,manufactory,,,,
1979,Kizer Flooring,https://www.kizerflooring.com,manufactory,,,,Upload/Manufactories/1979/logo/apple-icon.png
1959,Klen Market,https://www.klenmarket.ru,manufactory,,,,Upload/Manufactories/1959/logo/corone.svg
423,knoll,https://www.knoll.com,manufactory,,,,Upload/Manufactories/423/logo/logo.png
2038,Koch & Co,https://koch.com,manufactory,,,,
1974,Kodaen Grani,https://kodaen.ca,manufactory,,,,Upload/Manufactories/1974/logo/1_748x200.png
42,Kohler,https://www.kohler.com,manufactory,,,,Upload/Manufactories/42/logo/BLOK_LOGO.00edf835.svg
2122,Kohltech,https://www.kohltech.com,manufactory,,,,Upload/Manufactories/2122/logo/Navabr-Top-Logo.svg
983,Koket,https://www.bykoket.com,manufactory,,,,Upload/Manufactories/983/logo/koket-logo-black-no-LH.svg
2141,Kolani,https://kolani.net,manufactory,,,,Upload/Manufactories/2141/logo/logo.png
1908,Koni Materials,https://konimaterials.com,manufactory,,,,Upload/Manufactories/1908/logo/cropped-Koni-Materials-03.png
503,Koroseal,https://koroseal.com,manufactory,,,,Upload/Manufactories/503/logo/Koroseal_LOGO_HORIZ_654C.png
961,Korson Furniture,https://www.korsonfurniture.com,manufactory,,,,
1707,Kovi Fabrics,https://www.kovifabrics.com,manufactory,,,,Upload/Manufactories/1707/logo/logo_small_tr.webp
409,KOVROLIN,https://www.homedepot.com,manufactory,,,,
476,KP Siding,https://www.kaycan.com,manufactory,,,,
1663,Krasnyidivan,https://3dsky.org/3dmodels/show/divan_ayden,manufactory,,,,
437,Kraus,https://krausflooring.com,manufactory,,,,Upload/Manufactories/437/logo/Kraus-Logo.svg
429,Kravet,https://www.kravet.com,manufactory,,,,Upload/Manufactories/429/logo/logo.svg
2092,Kreind,https://3dsky.org/3dmodels/show/stellazh_2_iashchika,manufactory,,,,
858,Kreslo,https://kreslo.studio,manufactory,,,,Upload/Manufactories/858/logo/logo-300x300-no-background-e1511526635403.png
1155,Kristalia,https://www.kristalia.it,manufactory,,,,Upload/Manufactories/1155/logo/logo_kristalia_2.svg
1800,Kristen Olson Fine Art,https://kristenolsonstone.com,manufactory,,,,Upload/Manufactories/1800/logo/WallPictureApp_-_40_x_60.jpg
1668,Kristie Mebel,https://kristie.pro,manufactory,,,,Upload/Manufactories/1668/logo/logo-1.png
43,Krono,https://www.krono-original.com,manufactory,,,,Upload/Manufactories/43/logo/durastar-nav-logo.png
302,kutek mood,https://kutekmood.com,manufactory,,,,Upload/Manufactories/302/logo/kutekmood-fav.svg
1243,Kuzco Lighting,https://kuzcolighting.com,manufactory,,,,Upload/Manufactories/1243/logo/auroralight-brand-logo-wh.png
605,Kvadrat,https://kvadrat.dk,manufactory,,,,Upload/Manufactories/605/logo/apple-touch-icon-precomposed.png
1792,Kvik,https://www.kvikk.ru,manufactory,,,,Upload/Manufactories/1792/logo/___Header.svg
1938,Kwikset,https://www.kwikset.com,manufactory,,,,Upload/Manufactories/1938/logo/SignatureSeries_Rev.webp
107,KWP,https://www.kwp.com,manufactory,,,,Upload/Manufactories/107/logo/kwp-logo-weiss.svg
1017,Kyle Bunting,https://kylebunting.com,manufactory,,,,Upload/Manufactories/1017/logo/KB-Favicon-300x300.jpg
1010,La Cividina,https://lacividina.com,manufactory,,,,Upload/Manufactories/1010/logo/lacividina-logo.svg
1260,La Forma,https://laformafurniture.com,manufactory,,,,Upload/Manufactories/1260/logo/tilia-logo-white.6cb2cc01.png
319,La notte,https://www.tomasella.it,manufactory,,,,
860,La-Z-Boy,https://la-boy.com,manufactory,,,,Upload/Manufactories/860/logo/logo_la.png
1074,Lab Designs,https://labdesignlaminate.com,manufactory,,,,Upload/Manufactories/1074/logo/Lab_Designs_-_Logo_black_-_use_me1.png
978,Lago,https://www.lagodesign.com,manufactory,,,,Upload/Manufactories/978/logo/apple-touch-icon.png
491,Laminam,https://www.laminam.com/en,manufactory,,,,Upload/Manufactories/491/logo/apple-touch-icon.png
772,Lampatron,https://lampatron.com,manufactory,,,,
745,LampGustaf,https://www.lampgustaf.se,manufactory,,,,
572,Lampshade workshop,https://www.lampshadeworkshop.com.au,manufactory,,,,Upload/Manufactories/572/logo/The_Lampshade_Workshop_Logo_4ab35270-2ba5-49db-a151-73104719d60c_1600x.jpg
1006,LampsShop,https://lampsshop.ru,manufactory,,,,Upload/Manufactories/1006/logo/favicon.ico
700,Land Rover,https://www.landrover.com,manufactory,,,,Upload/Manufactories/700/logo/lrdx-brand-logo-dark.svg
2143,Landon & Co,https://www.rona.ca,manufactory,,,,
1140,landscape forms,https://www.landscapeforms.com,manufactory,,,,Upload/Manufactories/1140/logo/landscapeforms2.png
139,Larkin Ottomans,https://www.thesofaandchair.co.uk,manufactory,,,,Upload/Manufactories/139/logo/apple-touch-icon.png
754,Larose Guyon,https://www.laroseguyon.com,manufactory,,,,Upload/Manufactories/754/logo/LaroseGuyon_Logo_web.png
1452,LaSalle Bristol,https://www.lasallebristol.com,manufactory,,,,
1433,Lauzon Expert,https://lauzonexpert.com,manufactory,,,,Upload/Manufactories/1433/logo/expert_logo_2020-02-en-e1613069866283.jpg
1489,Lavsit,https://www.lavsit.ru,manufactory,,,,Upload/Manufactories/1489/logo/logo.svg
1590,Layla Grayce,https://laylagrayce.com,manufactory,,,,Upload/Manufactories/1590/logo/lg.svg
635,Lazzoni,https://lazzoni.com,manufactory,,,,Upload/Manufactories/635/logo/Lazzoni_Logo_siyah.png
938,Lebatex,https://www.lebatex.com,manufactory,,,,
1900,Ledalen,https://ledalen.ru,manufactory,,,,Upload/Manufactories/1900/logo/logo_ledalen_1.svg
1901,Ledron,https://ledron.ru,manufactory,,,,Upload/Manufactories/1901/logo/Ledron_20logo_20180x64.webp
759,Lee Broom,https://leebroom.com,manufactory,,,,Upload/Manufactories/759/logo/imgi_1_lee-broom-logo-type-1.png
215,Legacy Classic Furniture,https://www.legacyclassic.com,manufactory,,,,Upload/Manufactories/215/logo/amptab_logo.jpg
321,Leicht,https://leicht.com,manufactory,,,,Upload/Manufactories/321/logo/RundwangenBildmaterial1.jpg
787,Lema,https://www.lemamobili.com,manufactory,,,,Upload/Manufactories/787/logo/lemamobili.svg
403,Level Digital Wallcoverings,https://findyourlevel.com,manufactory,,,,Upload/Manufactories/403/logo/level-logo.png
1070,Levey,https://www.leveyindustries.com,manufactory,,,,Upload/Manufactories/1070/logo/levey_Industries_logo_gold_br.jpg
818,Lexington,https://www.lexington.com,manufactory,,,,
1110,LG,https://www.lg.com/ca_en,manufactory,,,,Upload/Manufactories/1110/logo/logo-lg-100-44.svg
1316,Liaigre,https://www.studioliaigre.com,manufactory,,,,Upload/Manufactories/1316/logo/apple-touch-icon.png
1471,Liberty Hardware,https://www.libertyhardware.com,manufactory,,,,Upload/Manufactories/1471/logo/Liberty_Hardware_Logo_Trademark_COLOR_Flat_Files_FIN_HORZ_2.svg
1042,Lieberman's,https://www.liebermans.net,manufactory,,,,Upload/Manufactories/1042/logo/liebermanslogo2023.jpg
45,Liebherr,https://www.liebherr.com/en-ca/group/start-page-3721612,manufactory,,,,Upload/Manufactories/45/logo/logo_ci_liebherr.svg
1414,Lifeproof,https://www.homedepot.com,manufactory,,,,
1424,Light House,https://www.lighthouseco.ca,manufactory,,,,Upload/Manufactories/1424/logo/logo_re_192x.png
1640,Lightheaded,https://lightheadedlighting.com,manufactory,,,,Upload/Manufactories/1640/logo/lightheaded-logo-alt.png
643,Lighting and Locks,https://www.lightingandlocks.com,manufactory,,,,
1942,Lighting Gallery,https://thelighting-gallery.com,manufactory,,,,Upload/Manufactories/1942/logo/bover_og_image_1200x630_c9cd218e-04cd-4cd6-a6f8-cb0d580aa00c.jpg
330,Lightnet,https://www.lightnet-group.com,manufactory,,,,Upload/Manufactories/330/logo/apple-touch-icon.png
1097,Lightolier,https://www.signify.com,manufactory,,,,Upload/Manufactories/1097/logo/signify-logo.svg
771,Lightology,https://www.lightology.com,manufactory,,,,Upload/Manufactories/771/logo/1362-sa-seal.gif
735,Lightstar,https://www.lightstar.com,manufactory,,,,Upload/Manufactories/735/logo/SEIA_logo_2025_jpg.png
389,Ligne Roset,https://www.ligne-roset.com,manufactory,,,,Upload/Manufactories/389/logo/logo-ligne-roset.png
290,like lodka,https://www.likelodka.com,manufactory,,,,Upload/Manufactories/290/logo/logo.png
2004,Lillion,https://3dsky.org/3dmodels/show/lillon_ghril,manufactory,,,,
432,LINDSEY ADELMAN,https://www.lindseyadelman.com,manufactory,,,,Upload/Manufactories/432/logo/apple-touch-icon.png
1692,Line 2 Form,https://www.lineform.com,manufactory,,,,Upload/Manufactories/1692/logo/lineform-logo.svg
1126,Line Lux,https://www.line-lux.com/password,manufactory,,,,
868,Linley,https://www.davidlinley.com,manufactory,,,,Upload/Manufactories/868/logo/Logo_186x.png
1989,LiRo Canada Inc.,https://contrac.ca,manufactory,,,,Upload/Manufactories/1989/logo/contrac-logo.svg
46,LiteMode,https://litemode.ca,manufactory,,,,Upload/Manufactories/46/logo/Litemode_Logo_-_Canadian_1_200x80.png
1101,Littala,https://www.iittala.com,manufactory,,,,Upload/Manufactories/1101/logo/iittala_logo_2024_ecom.svg
1251,Little big playroom,https://littlebigplayroom.com,manufactory,,,,Upload/Manufactories/1251/logo/qt_q_95.jpg
211,Little Lucy Willow,https://www.littlelucywillow.co.uk/cgi-sys/suspendedpage.cgi,manufactory,,,,
1543,live master,https://www.livemaster.ru,manufactory,,,,
1177,Livex Lighting,https://www.livexlighting.net,manufactory,,,,
333,Living Art,https://www.livingart.com,manufactory,,,,Upload/Manufactories/333/logo/splashlogo-lap.jpg
1236,Living Lighting,https://www.livinglightingnewmarket.com,manufactory,,,,Upload/Manufactories/1236/logo/newmarket-logo.png
1869,LM Flooring,https://www.lmflooring.com,manufactory,,,,Upload/Manufactories/1869/logo/logo.svg
238,Lodka,https://www.likelodka.com,manufactory,,,,Upload/Manufactories/238/logo/logo.png
351,loft,https://www.loft.co.uk,manufactory,,,,Upload/Manufactories/351/logo/LOFT_Logo_Registered_Black.png
250,Loft & Concept,https://loft-concept.ru,manufactory,,,,Upload/Manufactories/250/logo/logo.svg
1127,Loft Designe,https://loftdesigne.ru,manufactory,,,,Upload/Manufactories/1127/logo/logo.svg
1391,Loft House,https://3dsky.org/3dmodels/show/divan_na_kolesakh,manufactory,,,,
1750,Lofte Designe,https://www.lofte.org,manufactory,,,,Upload/Manufactories/1750/logo/LofteLogo2.png
2166,Loi Loi Rugs,https://www.loiloi.com,manufactory,,,,Upload/Manufactories/2166/logo/logoloiloi.gif
1765,Longboard Products,https://longboardproducts.com,manufactory,,,,Upload/Manufactories/1765/logo/LB-20-Year-logo--1200x971.png
384,LOrigine Factory,https://3dsky.org/3dmodels/show/stol_charles,manufactory,,,,
366,los andes collection,https://hotel-losandes.com,manufactory,,,,Upload/Manufactories/366/logo/logo-los-andes.png
1175,Losar Railings,https://losar.com,manufactory,,,,Upload/Manufactories/1175/logo/logo.png
1493,Lovesit,https://lavsit.ru,manufactory,,,,Upload/Manufactories/1493/logo/logo.svg
2130,Lowes,https://www.lasallebristol.com/product/vintage-white-barn-wood/,vender,,,,
1320,LP,https://lpcorp.com,manufactory,,,,Upload/Manufactories/1320/logo/apple-icon.png
1118,Lucia Tucci,https://www.luciatucci.ru,manufactory,,,,Upload/Manufactories/1118/logo/logo.jpg
780,Lucide,https://www.lucide.com,manufactory,,,,Upload/Manufactories/780/logo/logo-dark.png
569,Lulu and Georgia,https://www.luluandgeorgia.com,vender,,,,
1639,Lumens,https://www.lumens.com,vender,,,,
1966,Lumi Design,https://lumidesign.ca,manufactory,,,,Upload/Manufactories/1966/logo/logo.jpg
1185,Lumina Deco,https://luminadeco.pl,manufactory,,,,Upload/Manufactories/1185/logo/logo_header.svg
755,Luminaire,https://luminaire.com,manufactory,,,,Upload/Manufactories/755/logo/luminaire-interni-logo-red.web.svg
47,Luminiz,https://www.luminiz.com,manufactory,,,,Upload/Manufactories/47/logo/LuminizLogo_20yellow_20with_20black_20background_20lighter_20black.jpg
1554,Lussole,https://www.lussole.ru,manufactory,,,,Upload/Manufactories/1554/logo/logo.png
81,Lutron/Serena,https://www.serenashades.com,manufactory,,,,Upload/Manufactories/81/logo/serena-by-lutron.png
311,Lux Deco,https://www.luxdeco.com,manufactory,,,,
1592,Luxe Decor,https://www.luxedecor.com,manufactory,,,,Upload/Manufactories/1592/logo/logo.0ne_x4buqujio.svg
785,LuXeo USA,https://www.luxeousa.com,manufactory,,,,Upload/Manufactories/785/logo/blank_1x1.gif
1165,Luxxu,https://luxxu.net,manufactory,,,,Upload/Manufactories/1165/logo/favicon-1.webp
1775,lx hausys,https://www.lxhausys.com,manufactory,,,,Upload/Manufactories/1775/logo/logo-thumb.png
2029,Lyric,https://www.kaycan.com,manufactory,,,,
1033,MAAX,https://maax.com,manufactory,,,,Upload/Manufactories/1033/logo/apple-touch-icon.png
1169,Mac Metal Architectural,https://macmetalarchitectural.com,manufactory,,,,Upload/Manufactories/1169/logo/Logo-main5.svg
322,MADE,https://www.made.com,manufactory,,,,Upload/Manufactories/322/logo/made-logo.svg
1690,Madison & Muse,https://madisonandmuse.ca,manufactory,,,,Upload/Manufactories/1690/logo/no-image-2048-a2addb12_600x600.gif
913,Madison Park,https://madisonpark.com,manufactory,,,,Upload/Manufactories/913/logo/logo-new-removebg.png
1336,Maglin,https://www.maglin.com,manufactory,,,,Upload/Manufactories/1336/logo/maglin-logo-dark.svg
522,Maharam,https://www.maharam.com,manufactory,,,,
967,Mahone's Commercial Wallpaper,https://www.mahonescommercialwallpaper.com,manufactory,,,,
475,Maibec,https://maibec.com,manufactory,,,,Upload/Manufactories/475/logo/maibec-logo.png
281,maisons du monde,https://www.maisonsdumonde.com,manufactory,,,,
663,Majestic,https://majestic.com,manufactory,,,,
1567,Mama Green,https://mamagreen.com,manufactory,,,,
273,Mamas & Papas,https://www.mamasandpapas.com,manufactory,,,,Upload/Manufactories/273/logo/M_P_Logo_black.png
841,Mannington,https://www.mannington.com,manufactory,,,,
1522,Mansfield,https://www.mansfieldplumbing.com,manufactory,,,,Upload/Manufactories/1522/logo/LOGO_mansfield-plumbing.png
1674,Mantra,https://mantra-opt.ru,manufactory,,,,Upload/Manufactories/1674/logo/mantra_fav180.png
1856,Manual Mode,https://manualmode.store,manufactory,,,,Upload/Manufactories/1856/logo/MM_1.svg
916,Marathon,https://www.marathonhardware.com,manufactory,,,,Upload/Manufactories/916/logo/marathon-logo-horizontal-35th-left-aligned.svg
1357,Marazzi,https://www.marazziusa.com,manufactory,,,,Upload/Manufactories/1357/logo/MZ_Logo_H_4C_Tag.png
490,Marble Trend,https://www.marbletrend.com,manufactory,,,,
1911,Marble.com,https://marble.com,manufactory,,,,Upload/Manufactories/1911/logo/marble-logo-new.svg
269,Mariner,https://www.marinerluxury.com,manufactory,,,,Upload/Manufactories/269/logo/MARINER_1893.svg
1705,Mark & Day,https://markandday.com,manufactory,,,,Upload/Manufactories/1705/logo/Livabliss_Logo_Black.png
240,Marko Kraus,https://www.markokraus.com,manufactory,,,,
974,Marsan,https://www.marsan.ua,manufactory,,,,Upload/Manufactories/974/logo/logo.png
1457,Marsh,https://styles.marshcabinets.com,manufactory,,,,Upload/Manufactories/1457/logo/apple-touch-icon.png
902,Martens,https://martens.de,manufactory,,,,Upload/Manufactories/902/logo/martens_logo-b.jpg
1921,Maruni,https://www.maruni.com,manufactory,,,,Upload/Manufactories/1921/logo/apple_touch_icon.gif
701,Maserati,https://www.maserati.com,manufactory,,,,
718,Masiero,https://www.masierogroup.com,manufactory,,,,Upload/Manufactories/718/logo/masiero-logo-color.svg
1192,Masonite,https://www.masonite.com,manufactory,,,,Upload/Manufactories/1192/logo/logo.png
1005,Massproductions,https://massproductions.se,manufactory,,,,Upload/Manufactories/1005/logo/Vector_2.svg
2022,Mastercraft,https://www.mastercraftcabinets.com,manufactory,,,,Upload/Manufactories/2022/logo/mastercraft_logo.svg
1830,Masterfabrik,https://masterfabrik.ru,manufactory,,,,Upload/Manufactories/1830/logo/logo.svg
50,Materials Inc.,https://www.materialsinc.com,manufactory,,,,
765,Matteo Lighting,https://www.matteolighting.com,manufactory,,,,Upload/Manufactories/765/logo/favicon.png
1020,Matthew Wiles London,https://www.matthewwailes.com,manufactory,,,,Upload/Manufactories/1020/logo/main_logo_white.png
237,Maxalto,https://www.maxalto.com,manufactory,,,,
947,Maxim Lighting,https://www.maximlighting.com,manufactory,,,,Upload/Manufactories/947/logo/logo.png
1032,Maxim Savvy,https://www.maximlighting.com,manufactory,,,,Upload/Manufactories/1032/logo/logo.png
1846,Maxus,https://maxus.com.ua,manufactory,,,,Upload/Manufactories/1846/logo/maxus-logo.png
1715,Maxwell Fabrics,https://maxwellfabrics.com,manufactory,,,,Upload/Manufactories/1715/logo/telafina_logo_black.png
546,Maya Romanoff,https://www.mayaromanoff.com,manufactory,,,,Upload/Manufactories/546/logo/logo.svg
815,Mayer Fabrics,https://www.mayerfabrics.com,manufactory,,,,Upload/Manufactories/815/logo/mayer-fabrics-logo-bw-wide-boxless.svg
2139,Maytag,https://www.maytag.ca,manufactory,,,,
1672,Maytoni,https://maytoni.ru,manufactory,,,,Upload/Manufactories/1672/logo/maytoni_logo.svg
702,Mazda,https://www.mazda.com/en,manufactory,,,,Upload/Manufactories/702/logo/apple-touch-icon.png
1864,Mc Munn & Yates,https://mcmunnandyates.com,manufactory,,,,Upload/Manufactories/1864/logo/MMY_logo_RGB.png
1801,mcgaw graphics,https://www.mcgawgraphics.com,manufactory,,,,Upload/Manufactories/1801/logo/logostacked2x.png
560,McGee and Co,https://www.mcgeeandco.com,manufactory,,,,Upload/Manufactories/560/logo/mcgee-logo.svg
864,McGuire,https://www.mcguirefurniture.com,manufactory,,,,Upload/Manufactories/864/logo/Baker-McGuire-Logo.svg
1778,MDC Interior Solutions,https://www.mdcwall.com,manufactory,,,,Upload/Manufactories/1778/logo/MDC_Int_Solu_Logo_Horizontal_Gray.png
1925,Mde House,https://mdehouse.ru,manufactory,,,,Upload/Manufactories/1925/logo/apple-icon-57x57.webp
1298,Mebel,https://mebeldecoronline.ru,manufactory,,,,Upload/Manufactories/1298/logo/_D0_BB_D0_BE_D0_B3_D0_BE__D0_9C_D0_B5_D0_BB_D1_8C_D0_B1_D0_B5__D0_98__D0_94_D0_B5_D0_BA_D0_BE_D1_80_-__D1_80_D0_B0_D1_81
1738,Mebel form,https://mebelform.ru,manufactory,,,,Upload/Manufactories/1738/logo/Logo.svg
840,Meganite,https://www.meganite.com,manufactory,,,,Upload/Manufactories/840/logo/logo.png
1917,Meraki,https://meraki.cisco.com,manufactory,,,,Upload/Manufactories/1917/logo/cisco-meraki-logo-1024x200.png
1229,Mercado da Pedra,https://www.mercadodapedra.com,manufactory,,,,
703,Mercedes Benz,https://www.mercedes-benz.ca/en/home,manufactory,,,,Upload/Manufactories/703/logo/MB-star_n_2D_3Cweb.svg
1431,Mercier Wood Flooring,https://mercier-wood-flooring.com,manufactory,,,,Upload/Manufactories/1431/logo/apple-touch-icon.png
51,Mercury Wood,https://mercurywood.com,manufactory,,,,Upload/Manufactories/51/logo/Mercury-Wood-Logo.svg
1709,Merethe Olsen,https://www.meretheolsen.com,manufactory,,,,
410,Meridian Brick,https://www.meridianbrick.com,manufactory,,,,
231,Meridiani,https://www.meridiani.com,manufactory,,,,Upload/Manufactories/231/logo/logo-foot.png
2147,Merillat,https://www.merillat.com,manufactory,,,,Upload/Manufactories/2147/logo/merillat_logo_-_large_1562860127__28469.png
1375,MESH,https://www.mesh.ca,manufactory,,,,
2137,Metrie,https://www.metrie.com,manufactory,,,,Upload/Manufactories/2137/logo/MET-cen-logo.b171440a.svg
1078,Metro Wallcoverings,https://www.metrowallcoverings.com,manufactory,,,,Upload/Manufactories/1078/logo/Metro-logo.png
1599,Metroflor,https://www.metroflor.com,manufactory,,,,Upload/Manufactories/1599/logo/metroflor-logo.svg
752,Metropolight,https://e-metropolight.com,manufactory,,,,Upload/Manufactories/752/logo/logo-juin-2025-01.png
1444,Metropolitan Floors,https://www.metropolitanfloors.com,manufactory,,,,
1540,miacara,https://www.miacara.com,manufactory,,,,Upload/Manufactories/1540/logo/apple-touch-icon.png
750,Michael Anastassiades,https://michaelanastassiades.com,manufactory,,,,Upload/Manufactories/750/logo/apple-touch-icon.png
417,Michael Reeves Limited,https://www.michaelreevesdesign.com,manufactory,,,,Upload/Manufactories/417/logo/mrd-logo1.jpg
52,Miele,https://www.miele.ca,manufactory,,,,
1147,Miles & Lincoln,https://www.milesandlincoln.com,manufactory,,,,Upload/Manufactories/1147/logo/logo.png
1860,Milia Shop,https://www.miliashop.com,manufactory,,,,Upload/Manufactories/1860/logo/logo-new-milia.png
531,Milliken,https://www.milliken.com/en-us,manufactory,,,,Upload/Manufactories/531/logo/milliken-logo-footer.svg
1446,Mimi Rooms,https://mimirooms.com,manufactory,,,,Upload/Manufactories/1446/logo/photo-16.png
704,Mini Cooper,https://www.miniusa.com,manufactory,,,,Upload/Manufactories/704/logo/mini-logo.svg
645,Minka Group,https://www.minkagroup.net,manufactory,,,,Upload/Manufactories/645/logo/header-logo-01.png
1195,Minka Lavery,https://www.minka.com,manufactory,,,,Upload/Manufactories/1195/logo/header-logo-01.png
114,Minotti,https://www.minotti.com,manufactory,,,,Upload/Manufactories/114/logo/logo.png
1948,MIR Mosaic,https://mir-mosaic.com,manufactory,,,,
1187,Mirage Floors,https://www.miragefloors.com,manufactory,,,,Upload/Manufactories/1187/logo/mirage.svg
53,Mirolin,https://mirolin.com,manufactory,,,,
1656,Mister Room,https://misterroom.ru,manufactory,,,,Upload/Manufactories/1656/logo/photo.png
234,Misura Emme,https://www.misuraemme.it,manufactory,,,,Upload/Manufactories/234/logo/misuraemme-logo.svg
133,Mitchell Gold,https://mgbw.com,manufactory,,,,Upload/Manufactories/133/logo/MGBW_logo.svg
189,Mitten,https://www.mittensiding.com,manufactory,,,,Upload/Manufactories/189/logo/logo.png
472,Mitzi,https://mitzi.hvlgroup.com,manufactory,,,,
1863,Miyazaki Chair Factory,https://www.miyazakiisu.co.jp,manufactory,,,,Upload/Manufactories/1863/logo/logo.svg
1082,MKW Surfaces,https://www.mkwsurfaces.co.uk,manufactory,,,,Upload/Manufactories/1082/logo/mkw-logo.png
1249,Mmcite,https://www.mmcite.com,manufactory,,,,Upload/Manufactories/1249/logo/logo-mmcite--white.svg
1206,Mobilia,https://mobilia.ca,manufactory,,,,
1562,MOD Interiors,https://modinteriors.ru,manufactory,,,,Upload/Manufactories/1562/logo/logo.png
1225,Modani,https://modani.com,manufactory,,,,Upload/Manufactories/1225/logo/fallback.jpg
1787,Modea,https://www.modea.com,manufactory,,,,Upload/Manufactories/1787/logo/horz-logo.svg
1068,Modern Masters,https://www.modernmasters.com,manufactory,,,,Upload/Manufactories/1068/logo/logo-shortcut-114x114.png
857,Modern Times,https://www.moderntimes.com,manufactory,,,,
433,modloft,https://www.modloft.com,manufactory,,,,Upload/Manufactories/433/logo/Untitled_design_14.png
1326,Moe's Home Collection,https://www.moeshome.com,manufactory,,,,Upload/Manufactories/1326/logo/favicon-moes-2025.png
805,Moen,https://www.moen.ca,manufactory,,,,
1436,Moffat,https://www.moffat.com,manufactory,,,,Upload/Manufactories/1436/logo/logo.png
193,Mohawk Flooring,https://www.mohawkbuild.com,manufactory,,,,Upload/Manufactories/193/logo/mhk_bmf_color_logo_black.png
305,molteni & C,https://www.molteni.it,manufactory,,,,Upload/Manufactories/305/logo/favicon.ico
813,Momentum,https://www.momentum.com,manufactory,,,,Upload/Manufactories/813/logo/693a6042a63e77702f03e1f6_Momentum_20Logo.svg
1000,Monarch Custom Plywood,https://monarchply.com,manufactory,,,,
1310,Mondo,https://www.mondoworldwide.com,manufactory,,,,Upload/Manufactories/1310/logo/favicon.png
1254,Montbel,https://www.montbel.it,manufactory,,,,Upload/Manufactories/1254/logo/logo-header.svg
952,Monte Carlo,https://www.montecarlofans.com,manufactory,,,,
996,Montis,https://www.montis.nl,manufactory,,,,Upload/Manufactories/996/logo/logopayoff_new.svg
1182,MONUMENT DECOR,https://3dsky.org/3dmodels/show/om_kamin_k_01,manufactory,,,,
279,moonzana,https://www.moonzana.ru,manufactory,,,,Upload/Manufactories/279/logo/logo.png
121,Moooi,https://www.moooi.com/en,manufactory,,,,Upload/Manufactories/121/logo/apple-touch-icon.png
993,Moore and Giles,https://www.mooreandgiles.com,manufactory,,,,Upload/Manufactories/993/logo/logo-no-background.svg
1790,More,https://www.more-moebel.de,manufactory,,,,Upload/Manufactories/1790/logo/logo.png
919,Morelato,https://morelato.it,manufactory,,,,
647,Moroso,https://moroso.it,manufactory,,,,Upload/Manufactories/647/logo/moroso_favicon.png
1314,Morso,https://morsoe.com,manufactory,,,,Upload/Manufactories/1314/logo/MORSOE_LOGO_primaer_2026.svg
862,Motleni & C,https://www.molteni.it,manufactory,,,,Upload/Manufactories/862/logo/favicon.ico
1046,Movie Posters Etc.,https://www.moviepostersetc.com,manufactory,,,,
680,Mr. Maria,https://www.mrmaria.com,manufactory,,,,Upload/Manufactories/680/logo/logo.svg
623,MS International Inc,https://www.msisurfaces.com,manufactory,,,,Upload/Manufactories/623/logo/fluted-looks-banner-thumb.jpg
547,MSI Surfaces,https://www.msisurfaces.com,manufactory,,,,Upload/Manufactories/547/logo/fluted-looks-banner-thumb.jpg
2125,Mstone,https://mstone.ca,manufactory,,,,Upload/Manufactories/2125/logo/rs_w_57_h_57_m.jpg
1426,Mullican Hardwood Flooring,https://mullicanhardwood.com,manufactory,,,,
1368,Multivarka,https://multivarka.pro,manufactory,,,,Upload/Manufactories/1368/logo/logo-change.gif
872,Munna,https://www.munnadesign.com,manufactory,,,,Upload/Manufactories/872/logo/m-logo-c.svg
441,Murals Wallpaper,https://www.muralswallpaper.com,manufactory,,,,Upload/Manufactories/441/logo/favicon.webp
1657,Muramur Home,https://muramur-home.ru,manufactory,,,,Upload/Manufactories/1657/logo/1000-63e3dc5403aa9ead7a169f47de78b9fb.JPG
82,Mustee,https://mustee.com,manufactory,,,,Upload/Manufactories/82/logo/logo.svg
172,MUTUAL MATERIALS,https://www.mutualmaterials.com,manufactory,,,,Upload/Manufactories/172/logo/mm-color-800.png
480,Muuto,https://muuto.com,manufactory,,,,Upload/Manufactories/480/logo/logo.svg
1643,Nabel,https://www.nabelstone.com,manufactory,,,,Upload/Manufactories/1643/logo/logo202107280907529052019.png
1875,Napoleon,https://www.napoleon.com,manufactory,,,,
1171,National,https://www.national.ca/en,manufactory,,,,Upload/Manufactories/1171/logo/favicon-152.png
230,Natuzzi,https://www.natuzzi.com,manufactory,,,,
283,Naver Collection,https://navercollection.dk,manufactory,,,,Upload/Manufactories/283/logo/naver_logo.svg
555,Nemo Tile,https://nemotile.com,manufactory,,,,Upload/Manufactories/555/logo/logo.svg
1483,Nendo,https://www.nendo.jp,manufactory,,,,Upload/Manufactories/1483/logo/logo.svg
1369,Nespresso,https://www.nespresso.com,manufactory,,,,
527,Nevamar,https://panolam.com/nevamar,manufactory,,,,
2007,Newmar,https://www.newmarcorp.com,manufactory,,,,Upload/Manufactories/2007/logo/newmar-logo_20_original_.svg
56,Newport Brass,https://www.newportbrass.com,manufactory,,,,Upload/Manufactories/56/logo/newport-brass_logotype.svg
2094,Nextform,https://www.nextform.ru,manufactory,,,,Upload/Manufactories/2094/logo/logo.svg
309,Niche,https://www.nichemodern.com,manufactory,,,,Upload/Manufactories/309/logo/Shopify_Niche_Logo_1.png
2123,NICHIHA,https://www.nichiha.com,manufactory,,,,Upload/Manufactories/2123/logo/nichiha-logo-no-tagline.svg
778,Nicoline,https://nicoline.com,manufactory,,,,Upload/Manufactories/778/logo/Join-the-Team-We-Are-Hiring-Logo-Mark-Instagram-Post-2-768x768.jpg
679,Nicor,https://nicorlighting.com,manufactory,,,,Upload/Manufactories/679/logo/logo.svg
705,Nissan,https://www.nissan.ca,manufactory,,,,Upload/Manufactories/705/logo/nissan-logo-r-color-black.svg
502,Nobel House Home Furnishings,https://noblehousefurniture.com,manufactory,,,,Upload/Manufactories/502/logo/logo.png
768,Nocc,https://www.nocc.fr,manufactory,,,,Upload/Manufactories/768/logo/61a4d6d6780bfc5323e60044_logo_nocc.webp
1770,Noir,https://www.noir.net,manufactory,,,,Upload/Manufactories/1770/logo/noir-logo-text-only-alpha-background-50px.png
1,Non-Manuafacturer,https://dam.aareas.com,Aareas,,,,
1893,Noom,https://www.noom-home.com,manufactory,,,,Upload/Manufactories/1893/logo/logo_fin_1.gif
463,Nora Lighting,https://noralighting.com,manufactory,,,,Upload/Manufactories/463/logo/noralightinglogo.png
1754,Normann,https://www.normann-copenhagen.com,manufactory,,,,Upload/Manufactories/1754/logo/logo.svg
1696,North Prints,https://www.etsy.com/ca/listing/1241149786/neutral-summer-coastal-vintage-painting,manufactory,,,,
1345,Northern Wide Plank,https://northernwideplank.ca,manufactory,,,,Upload/Manufactories/1345/logo/NWP-Logo-Abrv-Black.png
2121,Novik Stone,https://www.novik.com,manufactory,,,,Upload/Manufactories/2121/logo/THD_logo.jpg.png
1842,Novotech,https://novotech.com,manufactory,,,,Upload/Manufactories/1842/logo/Ericsson_Logo_400x400_18d8bdbb-b9cc-474d-b116-338f441c0f7a.png
1791,Novum,https://3dsky.org/3dmodels/show/lax_writing_desk,manufactory,,,,
1877,Nowodvorski Lighting,https://www.nowodvorski.com,manufactory,,,,Upload/Manufactories/1877/logo/logo_dark.png
388,Nox & Noir,https://www.noxnoir.com.au,manufactory,,,,Upload/Manufactories/388/logo/cropped-NoxNoir-180x180.png
442,Nuevo,https://www.nuevoliving.com,manufactory,,,,
1289,Nuewal,https://www.nuewal.com,manufactory,,,,
146,nuLOOM,https://www.nuloom.com,manufactory,,,,Upload/Manufactories/146/logo/Nuloom_Vertical_Black_2_1_230x173.png
779,Nuura,https://nuura.com,manufactory,,,,Upload/Manufactories/779/logo/nuura_logo_mail.png
1723,NV Gallery,https://www.nvgallery.com,manufactory,,,,Upload/Manufactories/1723/logo/Logo-footer.svg
1288,O'Neil Electric Supply,https://www.oneilelectric.com,manufactory,,,,Upload/Manufactories/1288/logo/690218a62954d5ca06d5b948_ONeil_Logo.svg
1150,Oakdale Kitchens,https://oakdalekitchens.com,manufactory,,,,
2059,Oasis,https://oasisbath.com,manufactory,,,,Upload/Manufactories/2059/logo/logo.png
1701,Ober Surfaces,https://www.ober-surfaces.com,manufactory,,,,Upload/Manufactories/1701/logo/e8861f3.svg
739,Objet Insolite,https://www.objetinsolite.com,manufactory,,,,Upload/Manufactories/739/logo/logo-objet-insolite-blue-2.png
1728,OC Art & Home,https://www.ocartandhome.com,manufactory,,,,Upload/Manufactories/1728/logo/OC_ART_HOME_1.webp
1189,Oceania,https://www.oceania-attitude.com,manufactory,,,,Upload/Manufactories/1189/logo/Logo_30_Oceania_CMYK-cropped.svg
1077,Octopus Products,https://www.octopusproducts.com,manufactory,,,,Upload/Manufactories/1077/logo/octologowhtsm.png
318,odeon light,https://www.odeonlight.com,manufactory,,,,
235,ODESD2,https://odesd2.com,manufactory,,,,
1071,Odyssey Wallcoverings,https://odysseywallcoverings.com,manufactory,,,,Upload/Manufactories/1071/logo/apple-touch-icon.png
1623,Oka,https://www.oka.com,manufactory,,,,Upload/Manufactories/1623/logo/oka-favicon.png
883,Okha,https://www.okha.com,manufactory,,,,Upload/Manufactories/883/logo/okha-new-black.png
2072,Old Castle,https://www.oldcastleapg.com,manufactory,,,,Upload/Manufactories/2072/logo/RDI-Horizontal-Logo-Teal_RGB.png
850,Old Hickory Tannery,https://www.ohtfurniture.com,manufactory,,,,Upload/Manufactories/850/logo/OHT-logo-transparent-background-wide.png
740,Olivia,https://www.olivia.com,manufactory,,,,Upload/Manufactories/740/logo/IGLTA_Logo_HRZ_Tagline_4color_1__50_.png
1878,Oluce,https://www.oluce.com,manufactory,,,,Upload/Manufactories/1878/logo/oluce-logo-196x75.png
59,Olympia Tile,https://www.olympiatile.com,manufactory,,,,
1383,Omega,https://omega-products.com,manufactory,,,,Upload/Manufactories/1383/logo/omega-no_oval.png
1886,Omega Cabinetry,https://www.omegacabinetry.com,manufactory,,,,Upload/Manufactories/1886/logo/masterbrand-logo.png
1537,One Kings Lane,https://www.onekingslane.com,manufactory,,,,
361,onnecherma furniture,https://www.bonaldo.com,manufactory,,,,
1812,Onyxa,https://www.onyxa.ca,manufactory,,,,
706,Opel,https://www.opel.com,manufactory,,,,
849,Opera,https://www.opera.com,manufactory,,,,Upload/Manufactories/849/logo/logo-flat-horizontal.3a48a9c34651.svg
525,Optima Leathers,https://www.optimaleathers.com,manufactory,,,,Upload/Manufactories/525/logo/optimaleathers-logo.png
1667,Ormatek official,https://ormatek.ru,manufactory,,,,
1388,Ornamental Moulding,https://www.ornamental.com,manufactory,,,,Upload/Manufactories/1388/logo/ornamental_logo_a-novo-company_green_black_rgb_wr_1760627019__79939.original.png
399,Oroa,https://oroa.com,manufactory,,,,Upload/Manufactories/399/logo/OROA-Logo-Transparent.png
1124,Orsi,http://orsitalia.com,manufactory,,,,
2111,Ossen,https://ossen.net,manufactory,,,,Upload/Manufactories/2111/logo/rs_w_57_h_57_m.jpg
1394,Ottimo Ceramics,https://ottimoceramics.com,manufactory,,,,Upload/Manufactories/1394/logo/gold.ottimo.chrome.v9_600x.jpg
1538,OVE,https://www.ove.com/auth/login_form,manufactory,,,,Upload/Manufactories/1538/logo/hdr_logo-b74195bf5c99658f358c1c85acb92b8ce690c5d646ee941f87272141881145b4.gif
505,Owens Corning,https://www.owenscorning.com/en-us,manufactory,,,,
1780,PACIFIC AMERICAN LUMBER,https://pacamlumber.com,manufactory,,,,Upload/Manufactories/1780/logo/2022_Logo.png
288,Pacini & Cappellini,https://www.paciniecappellini.it,manufactory,,,,Upload/Manufactories/288/logo/paciniecappellinilogo2-1.jpg
1530,Palisade Tiles,https://palisade-tiles.com,manufactory,,,,Upload/Manufactories/1530/logo/acpbrandssites_259763507.svg
1261,Pallas,https://www.pallastextiles.com,manufactory,,,,Upload/Manufactories/1261/logo/logo.png
1962,PALLETO,https://3dsky.org/3dmodels/show/polubarnyi_stul_mon_ot_podkhozhu,manufactory,,,,
1749,Palma,https://www.palma.co.uk,manufactory,,,,Upload/Manufactories/1749/logo/PalmaLogo.png
142,Palmer Rope,https://www.potterybarn.com,manufactory,,,,
1947,Pan American Ceramics,https://www.panamericanceramics.com,manufactory,,,,Upload/Manufactories/1947/logo/cropped-Merola-favicon-512-180x180.png
1944,Panaria,https://www.panaria.us,manufactory,,,,Upload/Manufactories/1944/logo/apple-touch-icon.png
62,Panasonic,https://www.panasonic.com,manufactory,,,,
1284,Panelco,https://panelco.com,manufactory,,,,Upload/Manufactories/1284/logo/panelco-logo.svg
829,Panolam,https://panolam.com,manufactory,,,,
863,Paola Lenti,https://www.paolalenti.it,manufactory,,,,Upload/Manufactories/863/logo/logo.svg
1208,Paolo Lenti,https://www.paolalenti.it,manufactory,,,,Upload/Manufactories/1208/logo/logo.svg
1628,Paolo Vernier,https://3dsky.org/3dmodels/show/om_midj_lea_s_chair_lea_p_m_ts_armchair,manufactory,,,,
1170,Para Paints,https://www.para.com,manufactory,,,,Upload/Manufactories/1170/logo/Para-Paint-Logo.png
1872,Para Stone,https://www.patarastone.com,manufactory,,,,Upload/Manufactories/1872/logo/logo.png
335,Paris Kitchens,https://pariskitchens.com,manufactory,,,,Upload/Manufactories/335/logo/Paris-Kitchens-Logo.png
420,Park Lighting & Furniture,https://www.parklighting.ca,manufactory,,,,Upload/Manufactories/420/logo/Park-Logo-Regular.jpg
1774,Patcraft,https://www.patcraft.com,manufactory,,,,Upload/Manufactories/1774/logo/patcraft-logo-ko.svg.aspx
2156,Patrick Industries,https://patrickind.com,manufactory,,,,
1148,Paul Marra,https://paulmarradesign.com,manufactory,,,,
637,Paula Deen Home,https://www.universalfurniture.com,manufactory,,,,Upload/Manufactories/637/logo/southern_living_logo.jpg
1263,Pavar,https://pavar.com,manufactory,,,,Upload/Manufactories/1263/logo/pavar_chairs.jpg
2017,PBA Stone,https://www.pbastones.com.br,manufactory,,,,
2056,Peerless,https://www.peerless.com,manufactory,,,,Upload/Manufactories/2056/logo/Peerless-P-Logo-1.png
1190,Penegal,https://www.penegal.it/de,manufactory,,,,Upload/Manufactories/1190/logo/18874891-d376-453b-9bc5-dc9c57f6c780.svg
2101,Pental Quartz,https://arcsurfaces.com/quartz/pentalquartz,manufactory,,,,Upload/Manufactories/2101/logo/logo-white.svg
1212,Performance Stone Works,https://performancestoneworks.com,manufactory,,,,
2098,Pergo Flooring,https://www.pergoflooring.com,manufactory,,,,Upload/Manufactories/2098/logo/2025_pergo_event_logo.jpg
1103,Perigold,https://www.perigold.com,vender,,,,
179,PERMACON,https://permacon.ca,manufactory,,,,Upload/Manufactories/179/logo/logo_6681b97e61e522d5629c.svg
707,Peugeot,https://www.peugeot.com,manufactory,,,,
1304,Pfister,https://www.pfisterfaucets.com,manufactory,,,,Upload/Manufactories/1304/logo/pfister-logo-new.webp
1402,Phenix Flooring,https://www.phenixflooring.com,manufactory,,,,
1116,Philipp Selva,https://www.selva.com,manufactory,,,,
63,Philips,https://www.philips.ca,manufactory,,,,Upload/Manufactories/63/logo/apple-touch-icon-57x57.png
962,PI Creative Art,https://picreativeart.com,manufactory,,,,
113,Pianca,https://pianca.com,manufactory,,,,Upload/Manufactories/113/logo/logo-pianca.png
2016,Piedrafina,https://pfsurfaces.com,manufactory,,,,Upload/Manufactories/2016/logo/piedrafinalogo-300x77.png
852,Pierre Counot Blandin,https://www.counotblandin.fr,manufactory,,,,Upload/Manufactories/852/logo/facebook-logo-button.png
295,Piet Boon,https://pietboon.com,manufactory,,,,Upload/Manufactories/295/logo/favicon.png
1746,pik art lights,https://pikartlights.com,manufactory,,,,Upload/Manufactories/1746/logo/pikart_logo.png
1671,Pikart,https://pikartlights.com,manufactory,,,,Upload/Manufactories/1671/logo/pikart_logo.png
1266,Pine Valley Trim and Doors,https://www.pinevalleytrim.com,manufactory,,,,
1542,pinimg,https://i.pinimg.com,manufactory,,,,
180,PINNACLE,https://www.pinnacle.com/en,manufactory,,,,Upload/Manufactories/180/logo/favicon.ico
1181,Pioneer moulding inc,https://www.pioneermoulding.com,manufactory,,,,Upload/Manufactories/1181/logo/logotext.gif
984,Piterloft,https://piterloft.ru,manufactory,,,,
1853,Pixabay,https://www.pixabay.ca,manufactory,,,,Upload/Manufactories/1853/logo/favicon.ico
1588,Plush Rugs,https://plushrugs.com,manufactory,,,,Upload/Manufactories/1588/logo/lg.svg
1463,PlyGem,https://www.plygem.com,manufactory,,,,Upload/Manufactories/1463/logo/plygem-logo.png
338,Pohjanmaan,https://www.pohjanmaan.fi/en,manufactory,,,,Upload/Manufactories/338/logo/60v_20juhlalogo_20-_20PY_C3_96RE_C3_84_VAALEA_POHJANMAAN.png
1209,Point,https://point.com,manufactory,,,,Upload/Manufactories/1209/logo/65ca8f4f968f2f9be7e0a43c_3343f31b39739450f9038b78a03bef94_Point-Logo-Blue.svg
2077,Polaris,https://polaris.ru,manufactory,,,,Upload/Manufactories/2077/logo/logo.0814ada.svg
223,Poliform,https://www.poliform.it,manufactory,,,,Upload/Manufactories/223/logo/poliform-logo.svg
1660,polka life,https://polka.life,manufactory,,,,Upload/Manufactories/1660/logo/logo_2x.png
519,Pollack,https://www.pollackassociates.com,manufactory,,,,Upload/Manufactories/519/logo/pollack_logo.png
158,Poltrona Frau,https://www.poltronafrau.com/ww/en.html,manufactory,,,,Upload/Manufactories/158/logo/cq5dam.thumbnail.1500.1500.jpg
1069,Polyflor,https://www.polyflor.com,manufactory,,,,Upload/Manufactories/1069/logo/expona-logo.png
1951,Pompeii Quartz,https://www.pompeiiquartz.com,manufactory,,,,
352,porada,https://www.porada.it,manufactory,,,,Upload/Manufactories/352/logo/cropped-favicon-180x180.png
495,Porcelanosa,https://www.porcelanosa-usa.com,manufactory,,,,
1916,Porch and Den,https://porch-and-den.com,manufactory,,,,Upload/Manufactories/1916/logo/porch-and-den-furniture-3.jpg
1226,Porro,https://www.porro.com,manufactory,,,,Upload/Manufactories/1226/logo/logo-porro.svg
708,Porsche,https://www.porsche.com/canada/en,manufactory,,,,
1999,Porter & Charles,https://www.porterandcharles.ca,manufactory,,,,
1933,Portico,https://www.portico.com,manufactory,,,,Upload/Manufactories/1933/logo/logo.svg
1940,Portobello America,https://www.portobelloamerica.com,manufactory,,,,Upload/Manufactories/1940/logo/cropped-Website_Faviconpba-180x180.png
2034,Portsmouth,https://www.portsmouth.com,manufactory,,,,
1443,Poster Store,https://posterstore.ca,vender,,,,Upload/Manufactories/1443/logo/logo.0x1dq03m1bojl.svg
111,Pottery Barn,https://www.potterybarn.com,vender,,,,
435,Pouenat,https://pouenat.fr,manufactory,,,,Upload/Manufactories/435/logo/logo_pouenat.svg
846,PP Mobler,https://pp.dk,manufactory,,,,
1413,PPG,https://www.ppgpaints.com,manufactory,,,,Upload/Manufactories/1413/logo/6a0eb73ec0db0eb761040c82_PB_Logo_2025_Horiz_Pos_RGB.svg
690,Praktiker,https://www.praktiker.gr,manufactory,,,,Upload/Manufactories/690/logo/Praktiker-logo.svg
348,Precedent,https://precedent.com,manufactory,,,,Upload/Manufactories/348/logo/precedent-logo.svg
64,Prism,https://www.prismtfl.com,manufactory,,,,Upload/Manufactories/64/logo/Arauco-logo-PMS405C-transparent.png
1470,Private Label,https://www.privatelabel.ca,manufactory,,,,
1497,Pro Via,https://www.provia.com,manufactory,,,,Upload/Manufactories/1497/logo/211c617bd4c42feb04805420e0ca4de0.png
1993,Progress Electric,https://www.progresslighting.com,manufactory,,,,Upload/Manufactories/1993/logo/coleto-logo_200x.png
728,Progress Lighting,https://www.progresslighting.com,manufactory,,,,Upload/Manufactories/728/logo/coleto-logo_200x.png
451,ProGroom,https://progroom.com,manufactory,,,,
1731,Provenza Floors Inc,https://www.provenzafloors.com,manufactory,,,,Upload/Manufactories/1731/logo/provenza-logo.png
570,pULPO,https://pulpoproducts.com,manufactory,,,,Upload/Manufactories/570/logo/cropped-pulpo_favicon-2-180x180.png
1115,Pura LIghting,https://www.puralighting.com,manufactory,,,,Upload/Manufactories/1115/logo/logo.png
1319,Purparket,https://www.purparket.com,manufactory,,,,
1525,pxfuel,https://www.pxfuel.com,3D Assest Site,,,,
1018,PYHO,https://www.pyho.de,manufactory,,,,Upload/Manufactories/1018/logo/spaceship-logo.svg
1932,QDI Surfaces,https://qdisurfaces.com,manufactory,,,,
181,QUALITY STONE,https://qualitystoneproducts.com,manufactory,,,,Upload/Manufactories/181/logo/QS_Logo_withQualifier_Reverse.png
1108,Quartex surfaces,https://quartex.com,manufactory,,,,
944,Quoizel Lighting,https://www.quoizellightinglights.com,manufactory,,,,Upload/Manufactories/944/logo/quoizel-s-logo.webp
644,Quorum International,https://quoruminternational.com,manufactory,,,,Upload/Manufactories/644/logo/Quorum45-logo.png
2052,Quorum Lighting,https://quorumlightinglights.com,manufactory,,,,Upload/Manufactories/2052/logo/quorum-s-logo.webp
1409,Radaway,https://www.radaway.eu,manufactory,,,,Upload/Manufactories/1409/logo/radaway-logo.svg
1516,Raiton,https://raiton.ru,manufactory,,,,Upload/Manufactories/1516/logo/apple-touch-icon.png
1713,Raketa Mebel,https://raketamebel.ru,manufactory,,,,
788,Ralph Lauren & Soho House,https://www.ralphlauren.co.uk,manufactory,,,,Upload/Manufactories/788/logo/2025_rrl_box_logo_grey.svg
332,ralph lauren home,https://www.ralphlaurenhome.com,manufactory,,,,
734,Ralph Pucci,https://ralphpucci.com,manufactory,,,,Upload/Manufactories/734/logo/logo.svg
709,Range Rover,https://www.rangerover.com/en-ca/index.html,manufactory,,,,Upload/Manufactories/709/logo/Range_Rover_Black.svg
1913,Raumplus,https://www.raumplus.com,manufactory,,,,Upload/Manufactories/1913/logo/csm_logo_0b4365fd07.png
1528,Raw Pixel,https://www.rawpixel.com,3D Assest Site,,,,Upload/Manufactories/1528/logo/apple-touch-icon.png
454,Raye,https://3dsky.org/3dmodels/show/faceted_viski_crystal,manufactory,,,,
1509,Rayton,https://raiton.ru,manufactory,,,,Upload/Manufactories/1509/logo/apple-touch-icon.png
2157,RBG,https://regionalbg.net,manufactory,,,,Upload/Manufactories/2157/logo/Regional_Builders_Group_Logo.png
1401,Readers,https://www.readers.com,manufactory,,,,Upload/Manufactories/1401/logo/REA_Logo_Horiztonal_stone.svg
1447,Reforma,https://www.artfurniture.com,manufactory,,,,
1325,Regal,https://www.regal.ca,manufactory,,,,Upload/Manufactories/1325/logo/logo.svg
1086,Regent Granite & Marble inc,https://regentgranite.ca,manufactory,,,,
1772,Regina Andrew,https://www.reginaandrew.com,manufactory,,,,Upload/Manufactories/1772/logo/R-A_logo_Black.svg
2071,Reimagne Designs,https://shop.reimaginedesigns.ca,manufactory,,,,Upload/Manufactories/2071/logo/submark_2_gray_500x.png
686,Reloft,https://relofthome.ru,manufactory,,,,
710,Renault,https://www.renaultgroup.com,manufactory,,,,Upload/Manufactories/710/logo/Logo-RG-yoast.png
985,Render People,https://renderpeople.com,3D Assest Site,,,,Upload/Manufactories/985/logo/Renderpeople_logo_redesign2021_white_mini.png
308,Renwil,https://renwil.com,manufactory,,,,Upload/Manufactories/308/logo/RENWIL_R_Logo_Black.svg
1323,Resident,https://resident.co.nz,manufactory,,,,Upload/Manufactories/1323/logo/resident_logo_black.svg
109,Restoration Hardware,https://www.restorationhardware.com,vender,,,,
539,Resysta,https://www.resysta.com,manufactory,,,,Upload/Manufactories/539/logo/resysta-logo.svg
624,RH,https://rh.com,manufactory,,,,
466,Rich Brilliant Willing,https://richbrilliantwilling.com,manufactory,,,,Upload/Manufactories/466/logo/apple-touch-icon.png
917,Richelieu,https://www.richelieu.com,manufactory,,,,Upload/Manufactories/917/logo/Richelieu-Logo-Red-R_White-richelieu.svg
2170,Richmond Carpet,https://www.richmondflooring.ca/en/browse/carpet-tile,manufactory,,,,Upload/Manufactories/2170/logo/cola.svg
1224,Richmond Flooring,https://www.richmondcarpet.ca,manufactory,,,,Upload/Manufactories/1224/logo/cola.svg
901,Rimadesio,https://www.rimadesio.it,manufactory,,,,Upload/Manufactories/901/logo/cropped-android-icon-192x192-1-180x180.png
1500,Robern,https://www.robern.com,manufactory,,,,Upload/Manufactories/1500/logo/robern-logo-wht.png
941,Robert Allen,https://www.robertallendesign.com,manufactory,,,,Upload/Manufactories/941/logo/trad_logo.png
1454,Robinson Lighting,https://www.robinsonlightingcentre.com,manufactory,,,,Upload/Manufactories/1454/logo/robinson-lighting-logo-259x120.jpg
971,Roca,https://www.export.roca.com,manufactory,,,,Upload/Manufactories/971/logo/4dc29d13-1df3-b628-786b-7c63db57cdcd.svg
229,Roche,https://www.roche.com,manufactory,,,,Upload/Manufactories/229/logo/android-chrome-192x192.png
291,Roche Bobois,https://www.roche-bobois.com,manufactory,,,,Upload/Manufactories/291/logo/logo.svg
1929,Rodda Paint,https://www.roddapaint.com,manufactory,,,,Upload/Manufactories/1929/logo/logo.png
1629,Rodolfo Dordoni,https://www.rodolfodordoni.it,manufactory,,,,
659,Rolf Benz,https://www.rolf-benz.com,manufactory,,,,Upload/Manufactories/659/logo/Rolf-Benz_Logo_Header_Retina.png
465,Roll & Hill,https://www.rollandhill.com,manufactory,,,,Upload/Manufactories/465/logo/Favicon_250x250_1_32x32.png
1595,Romano Home,https://romanohome.ru,manufactory,,,,
327,Romatti,https://mooielight.com,manufactory,,,,Upload/Manufactories/327/logo/Mooielight-logo-1400x258-1.png
2145,Rona,https://www.rona.it,vender,,,,Upload/Manufactories/2145/logo/logo.png
1365,Ronda Design,https://rondadesign.it,manufactory,,,,Upload/Manufactories/1365/logo/RondaDesign_logo_DEF_POS.png
584,Rose and Grey,https://www.roseandgrey.co.uk,manufactory,,,,Upload/Manufactories/584/logo/RG_Logo.png
2002,Roshults,https://roshults.com,manufactory,,,,Upload/Manufactories/2002/logo/apple-touch-icon.b8b0af.png
648,Rove Concepts,https://www.roveconcepts.com,manufactory,,,,Upload/Manufactories/648/logo/logo-ai.svg
428,Royal Botania,https://www.royalbotania.com,manufactory,,,,Upload/Manufactories/428/logo/apple-touch-icon.png
2033,Royal Building Products,https://www.royalbuildingproducts.com,manufactory,,,,
1432,Royal Building Solution,https://www.royalbuildingsolutions.com,manufactory,,,,
83,Royal Cucina,https://royalcucina.com,manufactory,,,,Upload/Manufactories/83/logo/RC-LogoCMYK-scaled.jpg
1934,Royal Flooring,https://www.shoproyalflooring.com,manufactory,,,,Upload/Manufactories/1934/logo/fd612af035b287cc66558385c7285344.png
65,Rubinet,https://www.rubinet.com,manufactory,,,,
748,RUHL,https://www.curreyandcompany.com,manufactory,,,,Upload/Manufactories/748/logo/logo.png
393,Russel Woodard,https://www.woodard-furniture.com,manufactory,,,,Upload/Manufactories/393/logo/woodard-logo-w.svg
2025,Rynone,https://rynone.com,manufactory,,,,
1050,s/s panel ready,https://www.fisherpaykel.com/ca/cooking/cooktops/contemporary-cooktops/induction-cooktop-36in-5-zones-ci365dtb2-n-81366.html,manufactory,,,,Upload/Manufactories/1050/logo/favicon.ico
1797,Saatchi Art,https://www.saatchiart.com,manufactory,,,,
300,Saba Italia,https://sabaitalia.com,manufactory,,,,Upload/Manufactories/300/logo/apple-touch-icon.png
122,Safavieh Home Furnishings,https://www.safaviehhome.com,manufactory,,,,Upload/Manufactories/122/logo/safaviah-new-logo_470x.svg
1743,Samsung,https://www.samsung.com/ca,manufactory,,,,Upload/Manufactories/1743/logo/HOME-f2h26_invitation-KV_Preview_PC_1920x1080_LTR.jpg
1200,San Remo Lighting,https://sanremolighting.com,manufactory,,,,Upload/Manufactories/1200/logo/SRL-logo2-1.png
848,Sancal,https://sancal.com/en,manufactory,,,,Upload/Manufactories/848/logo/Sancal-Logo_Black.png
1769,Sandler,https://www.sandlerseating.com,manufactory,,,,Upload/Manufactories/1769/logo/KERN_2100x900-1.jpg
222,Sandringham,https://sandringham.co.uk,manufactory,,,,Upload/Manufactories/222/logo/Sandringham-logo-Primary-1.svg
2159,Sanita Luxe,https://www.sanita.com,manufactory,,,,Upload/Manufactories/2159/logo/Sanita_Black_Name_With_Red_Dotted_I_PNG-01-01_410x.png
2066,Santehnika,https://santehnika.com,manufactory,,,,
2064,Saona,https://3dsky.org/3dmodels/show/smesitel-dlia-rakoviny-saona-2361,manufactory,,,,
1198,Sarana Tile,https://saranatile.com,manufactory,,,,Upload/Manufactories/1198/logo/logopic.jpg
1897,Saros,https://sarosco.com,manufactory,,,,Upload/Manufactories/1897/logo/footer-logo.svg
443,Sasi Wallpaper,https://www.sasiwallpaper.co.za,manufactory,,,,Upload/Manufactories/443/logo/Sasi_Logo-2_2991a312-4343-434d-90fc-b93cc2da2071.png
407,Satin Flooring,https://www.satinflooring.com,manufactory,,,,Upload/Manufactories/407/logo/logo-main.png
1213,Sattelan Italia,https://www.cattelanitalia.com,manufactory,,,,Upload/Manufactories/1213/logo/logo_nero-1024x328.png
516,Sava & Co,https://savaandco.com.au,manufactory,,,,
2055,Savoy House,https://www.savoyhouse.com,manufactory,,,,Upload/Manufactories/2055/logo/logo3_1.png
2097,Savy Canvas,https://savycanvas.com,manufactory,,,,Upload/Manufactories/2097/logo/savycanvas_1200_600.png
575,Saybrook,https://saybrookhome.com,manufactory,,,,Upload/Manufactories/575/logo/SH_white_vertical-SH.png
390,SCAB Design,https://www.scabdesign.com,manufactory,,,,Upload/Manufactories/390/logo/s-cab_logo_nero_RGB.svg
202,Scandola,https://www.scandola.it,manufactory,,,,
1466,Schlage,https://www.schlage.com,manufactory,,,,Upload/Manufactories/1466/logo/schlage-logo-noTag.svg
1885,Schoolhouse Electric,https://www.schoolhouseelectric.com,manufactory,,,,
2090,SDK GROUP,https://sdkgroup.com,manufactory,,,,Upload/Manufactories/2090/logo/sdk-logo.svg
1596,sdk russia,https://sdkrus.ru,manufactory,,,,Upload/Manufactories/1596/logo/menu-button-1.svg
371,SE,https://se-collections.com,manufactory,,,,Upload/Manufactories/371/logo/logo.svg
577,Sea Gull Lighting,https://www.seagulllighting.com,manufactory,,,,Upload/Manufactories/577/logo/GenerationLightingLogo.PNG
329,seed design,https://seeddesign.tw,manufactory,,,,Upload/Manufactories/329/logo/seeddesign_logo_bw.svg
1144,selux,https://www.selux.us,manufactory,,,,Upload/Manufactories/1144/logo/apple-touch-icon.20220426103754.png
1420,Senosan,https://www.senosan.com,manufactory,,,,Upload/Manufactories/1420/logo/filters_format_webp_.webp
201,Serena & Lily,https://www.serenaandlily.com,manufactory,,,,
1419,Serica,https://serica.ca,manufactory,,,,Upload/Manufactories/1419/logo/logo.svg
712,Setra,https://www.setra.com,manufactory,,,,Upload/Manufactories/712/logo/setra-logo.svg
1981,Settecento,https://www.settecento.com,manufactory,,,,Upload/Manufactories/1981/logo/logo-settecento.svg
905,Sevensedie,https://www.sevensedie.com,manufactory,,,,Upload/Manufactories/905/logo/sevensedie-grey-new.svg
325,SHAKE,https://www.shake-design.it,manufactory,,,,Upload/Manufactories/325/logo/apple-touch-icon.png
1293,Sharp,https://www.sharp.ca,manufactory,,,,Upload/Manufactories/1293/logo/Sharp_logo-200.png
611,Shaw Contract,https://www.shawcontract.com,manufactory,,,,Upload/Manufactories/611/logo/shawcontract-logo-black.svg
1204,Shaw Flooring,https://shawfloors.com,manufactory,,,,Upload/Manufactories/1204/logo/ShawFloors_Primary_RGB.webp
838,Sherwin Williams,https://www.sherwin-williams.com,manufactory,,,,Upload/Manufactories/838/logo/sw-logo-header-up.png
1219,Shnier,https://www.shnier.ca,manufactory,,,,Upload/Manufactories/1219/logo/header_logo.svg
182,SHOULDICE,https://shouldice.ca,manufactory,,,,Upload/Manufactories/182/logo/header-logo.svg
2087,Siemens,https://www.siemens.com/en-us,manufactory,,,,Upload/Manufactories/2087/logo/audi-factory-floor-og-1200x630.jpg
112,Signorini & Coco,https://www.signorinicoco.com/en,manufactory,,,,Upload/Manufactories/112/logo/logo-black.svg
1464,Silver Line,https://www.silverlinewindows.com,manufactory,,,,Upload/Manufactories/1464/logo/SilverLine_Logo_Horz_Clr_S_K.jpg
1909,Simas,https://simasusa.com,manufactory,,,,Upload/Manufactories/1909/logo/logo-inverted-e1767346471322.png
1481,Simply Bunk Beds,https://www.simplybunkbeds.com,manufactory,,,,
601,Sina Pearson,https://www.sinapearson.com,manufactory,,,,
1350,Sio4,https://sio4.ca,manufactory,,,,Upload/Manufactories/1350/logo/88b47e_61a703eddd8447988ab7b8ab24a5b35c_mv2.jpg
2104,Siori,https://siori.ru,manufactory,,,,Upload/Manufactories/2104/logo/28CD472D-45A3-482D-8.PNG
926,Sirius,https://www.siriuscappe.com,manufactory,,,,Upload/Manufactories/926/logo/sirius_logo-footer.png
834,SitConf Commercial Seating,https://sitconf.ca,manufactory,,,,
298,Sits,https://sits.com/en,manufactory,,,,Upload/Manufactories/298/logo/sits-logo-new.svg
920,SK Design,https://skdesign.ru,manufactory,,,,Upload/Manufactories/920/logo/apple-icon-57x57.png
152,Skandiform,https://www.skandiform.com,manufactory,,,,Upload/Manufactories/152/logo/skandiform_logo_2022_v1.png
195,SketchUp,https://www.sketchuptextureclub.com,3D Assest Site,,,,Upload/Manufactories/195/logo/CA_20dESIGN_20LOGO_20.jpg
711,Skoda,https://www.skoda-auto.com,manufactory,,,,Upload/Manufactories/711/logo/7cc820fbaf0f848b8cb8b385b122fa04.jpg
1013,Skram,https://www.skramfurniture.com,manufactory,,,,Upload/Manufactories/1013/logo/logo.svg
1364,Smania,https://www.smania.it,manufactory,,,,Upload/Manufactories/1364/logo/smania_logo-2_3.png
932,Smart Standard,https://smartstandard.com,manufactory,,,,Upload/Manufactories/932/logo/logo_9675705b-a9f3-4712-b298-345550b39642.png
155,Smeg,https://www.smeg.com,manufactory,,,,Upload/Manufactories/155/logo/smeg_logo_black.svg
1194,SNOC,https://www.snocinc.com,manufactory,,,,
721,Society6,https://society6.com,manufactory,,,,Upload/Manufactories/721/logo/global-footer-logo-black.svg
1545,Sofas Line,https://sofas-line.ru,manufactory,,,,
809,Solid Source Corp,https://www.meganite.ca,manufactory,,,,Upload/Manufactories/809/logo/solid-source-logo-block.jpg
1804,Solid Surface,https://www.solidsurface.com,manufactory,,,,Upload/Manufactories/1804/logo/logo_3.png
1815,SONIC,https://3dsky.org/3dmodels/show/fan_hunter_sonic_50666,manufactory,,,,
304,sonneman,https://sonnemanlight.com,manufactory,,,,Upload/Manufactories/304/logo/HLVG_logo.png
1512,Sonum,https://sonum.ru,manufactory,,,,Upload/Manufactories/1512/logo/3wgz7eympjcxep5s3ezwc0124q5bz4y5.png
1822,Sony,https://www.sony.co.jp/en,manufactory,,,,Upload/Manufactories/1822/logo/ogimage.png
998,South Hill Home,https://www.southhillhome.com,manufactory,,,,Upload/Manufactories/998/logo/cropped-favicon-180x180.png
2119,Southern Traditions,https://southerntraditionsflooring.com,manufactory,,,,Upload/Manufactories/2119/logo/logo.png
1847,Space Copenhagen,https://spacecph.dk,manufactory,,,,Upload/Manufactories/1847/logo/logo.svg
997,SPO1,https://www.sp01design.com,manufactory,,,,Upload/Manufactories/997/logo/Sp01_social.jpg
1727,Spoon flower,https://www.spoonflower.com,manufactory,,,,Upload/Manufactories/1727/logo/logo.svg
1896,St. Luce,https://www.stluce.com,manufactory,,,,Upload/Manufactories/1896/logo/Logo-Stluce-571w.png
343,Stanley Furniture,https://www.stanleyfurniture.com,manufactory,,,,Upload/Manufactories/343/logo/stanleyfurniture_logo-white.svg
1953,Steel Craft,https://steel-craft-sc2.ca,manufactory,,,,Upload/Manufactories/1953/logo/SC2_logo-white-300x102.png
908,Steinway & Sons,https://www.steinway.com,manufactory,,,,Upload/Manufactories/908/logo/model_b_room_landscape.jpg
578,Stellar Works,https://www.stellarworks.com,manufactory,,,,Upload/Manufactories/578/logo/favicon.ico
1975,Sterling,https://sterling.kohler.com,manufactory,,,,Upload/Manufactories/1975/logo/sterling-box.svg
206,Stilema,https://www.stilema.it,manufactory,,,,
831,Stinson,https://www.cfstinson.com,manufactory,,,,Upload/Manufactories/831/logo/cfs-apple-touch.png
1317,Stockholm,https://www.scandinavia-design.fr/menu-afteroom-bench_en.html,manufactory,,,,
1899,Stolb,https://stolb.com.ua,manufactory,,,,
1105,Stone & Tile Shoppe,https://stoneandtileshoppe.com,manufactory,,,,Upload/Manufactories/1105/logo/final-alpha_192x100.png
1081,Stone Contact,https://www.stonecontact.com,manufactory,,,,Upload/Manufactories/1081/logo/logo.png
1306,Stone Craft,https://www.stonecraft.com,manufactory,,,,Upload/Manufactories/1306/logo/logo.svg
1733,Stone Solutions,https://stonesolutions.com,manufactory,,,,Upload/Manufactories/1733/logo/Logo-Black-Font-500-x-200-px.png
529,Stone Source,https://www.stonesource.com,manufactory,,,,Upload/Manufactories/529/logo/favicon.png
67,Stone Tile,https://stone-tile.com,manufactory,,,,
2150,StoneCrest,https://stonecrestproducts.com,manufactory,,,,Upload/Manufactories/2150/logo/TRANSPARENT_LogoColor.jpg
1794,store 54,https://3dsky.org/3dmodels/show/rabochii_stol_tandem_dlia_dvoikh_v_stile_loft,manufactory,,,,
851,Storkcraft,https://www.storkcraft.com,manufactory,,,,Upload/Manufactories/851/logo/final_logo_storkcraft.png
823,Structube,https://www.structube.com,manufactory,,,,Upload/Manufactories/823/logo/apple-touch-icon.png
1781,Studio 198,https://www.studio198.com,manufactory,,,,Upload/Manufactories/1781/logo/Studio198.png
682,Studio M,https://www.studiomlighting.com,manufactory,,,,Upload/Manufactories/682/logo/Studio_20M_20Logo_black.png
1579,Studio Stirling,https://studiostirling.com,manufactory,,,,Upload/Manufactories/1579/logo/amazon-logo-1.jpg.pagespeed.ce.whg4SSCqFX.jpg
1333,Studio Tk,https://www.studiotk.com,manufactory,,,,Upload/Manufactories/1333/logo/logo_black.svg
1827,Studio36,https://www.studio36.co.uk,manufactory,,,,Upload/Manufactories/1827/logo/logo.svg
924,Sub Zero,https://ca.subzero-wolf.com,manufactory,,,,Upload/Manufactories/924/logo/logo-wolf.png
69,Sun Brite,https://www.sunbrite.com,manufactory,,,,
552,Sunbrella,https://global.sunbrella.com,manufactory,,,,Upload/Manufactories/552/logo/sunbrella-white.svg
372,Sunpan,https://www.sunpan.com,manufactory,,,,Upload/Manufactories/372/logo/Wordmark_Logo_Digital_Digital.webp
656,Superior Flooring,https://superiorflooring.ca,manufactory,,,,Upload/Manufactories/656/logo/Superior-Flooring-40th-Anniversary-Logo_COL-220x74.png
1796,SupersFMK,https://supersfmk.life,manufactory,,,,
1379,Supreme Lighting,https://supremelighting.ca,manufactory,,,,Upload/Manufactories/1379/logo/dimmer-logo_2.jpg
497,Surfaces and Co,https://www.surfacesco.ca,manufactory,,,,Upload/Manufactories/497/logo/SURFACES_CO_ONLY_NAME.jpg
1191,Surfaceworx,https://www.surfaceworx.ca,manufactory,,,,Upload/Manufactories/1191/logo/pfavico.ico
2138,Surteco,https://surteconorthamerica.com,manufactory,,,,
1593,Surya Floransa,https://www.surya.com,manufactory,,,,Upload/Manufactories/1593/logo/logo2.svg
134,Sutton,https://sutton.com,manufactory,,,,Upload/Manufactories/134/logo/sutton-logo-nav.svg
1653,Swedese,https://www.swedese.se,manufactory,,,,
1972,Swiss Madison,https://swissmadison.com,manufactory,,,,Upload/Manufactories/1972/logo/Layer_1_6_1.svg
1259,Symphony,https://symphonywallcovering.com,manufactory,,,,Upload/Manufactories/1259/logo/symphony_logo.gif
471,Tafisa,https://tafisa.ca,manufactory,,,,Upload/Manufactories/471/logo/logo.png
1217,Taiga,https://www.taigabuilding.com,manufactory,,,,Upload/Manufactories/1217/logo/logo.svg
1829,Tailor Made,https://www.tailormade.com,manufactory,,,,Upload/Manufactories/1829/logo/tmslogo.gif
192,Tamko,https://www.tamko.com,manufactory,,,,Upload/Manufactories/192/logo/kc-logo.png
796,Tarkett,https://commercial.tarkett.com,manufactory,,,,Upload/Manufactories/796/logo/Johnsonite_Tarkett_Endorsed-_Blue_CMYK.png
1197,TCE Stone,https://tcestone.com,manufactory,,,,Upload/Manufactories/1197/logo/logo.svg
1612,Teak House,https://www.teakhouse.ru,manufactory,,,,Upload/Manufactories/1612/logo/favicon.png
328,Tech lighting,https://www.techlighting.com,manufactory,,,,
1425,Technistone,https://www.technistone.com,manufactory,,,,
473,Techo-Bloc,https://www.techo-bloc.com,manufactory,,,,
1888,Teltos,https://teltos.net,manufactory,,,,
1146,Terra Sculpture,https://terrasculpture.com,manufactory,,,,Upload/Manufactories/1146/logo/terrasculpture-logo.png
520,Terrazzo & Marble Supply Companies,https://terrazzomarble.com,manufactory,,,,Upload/Manufactories/520/logo/favicon-180x180.svg
524,Tess Tile,https://tesstile.com,manufactory,,,,Upload/Manufactories/524/logo/TESS-LOGO-REV_400x200.png
1762,Thames valley Brick & Tile,https://thamesvalleybrick.com,manufactory,,,,
1854,The Contract Chair,https://www.thecontractchair.co.uk,manufactory,,,,Upload/Manufactories/1854/logo/contract_chair_co_logo_light.BPlRe8dI.svg
579,The Future Perfect,https://www.thefutureperfect.com,manufactory,,,,Upload/Manufactories/579/logo/logo.svg
265,The IDEA,https://www.theidea.com,manufactory,,,,
1234,The Montessori Room,https://themontessoriroom.com,manufactory,,,,Upload/Manufactories/1234/logo/The_MR_Logo_200x400_ee9bba63-bd35-472e-85b9-700d7da2842e_200x.png
123,The Rug Company,https://www.therugcompany.com,manufactory,,,,Upload/Manufactories/123/logo/download_1707995743__69780.original.png
137,The Sofa and Chair Company,https://www.thesofaandchair.co.uk,manufactory,,,,Upload/Manufactories/137/logo/apple-touch-icon.png
1230,The Stone Collection,https://thestonecollection.com,manufactory,,,,Upload/Manufactories/1230/logo/stonecollection-logo-black.svg
1136,The World Art Group,https://www.theworldartgroup.com,manufactory,,,,Upload/Manufactories/1136/logo/WAG-logo.png
1269,Thibaut,https://www.thibautdesign.com,manufactory,,,,Upload/Manufactories/1269/logo/thibaut-logo.svg
349,thomasville home furnishings,https://thomasville.com,manufactory,,,,Upload/Manufactories/349/logo/Thomasville_E2_84_A2_Logo_Black_PNG.jpg
923,Thonet,https://www.thonet.com,manufactory,,,,Upload/Manufactories/923/logo/thonet-logo.png
2082,Thorens,https://www.thorens.com,manufactory,,,,Upload/Manufactories/2082/logo/logo.svg
600,Threadcount Inc.,https://legacy.threadcountinc.com,manufactory,,,,
1682,Three Owls Nook,https://www.threeowlsnook.com/password,manufactory,,,,
1619,Thunderbird Products,https://thunderbirdproducts.com,manufactory,,,,Upload/Manufactories/1619/logo/Thunderbird-Products-Logo.png
2026,ThurmaTru,https://www.thermatru.com,manufactory,,,,Upload/Manufactories/2026/logo/therma-tru-logo.png
419,Tierra Sol,https://www.tierrasol.ca,manufactory,,,,Upload/Manufactories/419/logo/header-logo.svg
1939,Tile America,https://shop.tileamerica.com,manufactory,,,,Upload/Manufactories/1939/logo/apple-touch-icon.png
538,Tile by Design,https://www.tilexdesign.com,manufactory,,,,
1362,Tile Depot,https://www.factorytiledepot.ca,manufactory,,,,Upload/Manufactories/1362/logo/FTD_-_Logo_-_White.jpg
1495,Tile Outlet,https://www.tileoutletchicago.com,manufactory,,,,Upload/Manufactories/1495/logo/TileOutlet-logo-300.png
542,Tile X Design,https://tilexdesign.com,manufactory,,,,
1779,Tilemaster,https://tilemastercanada.com,manufactory,,,,Upload/Manufactories/1779/logo/Tiley.svg
1621,Timber Mebel,https://timber-mebel.by,manufactory,,,,Upload/Manufactories/1621/logo/apple-touch-icon.png
2020,Timberlake,https://www.timberlake.com,manufactory,,,,Upload/Manufactories/2020/logo/d--r--horton-logo-brandlogos-net-dqvge.png
183,TIMBERSTONE,https://www.timberstonedistribution.com,manufactory,,,,Upload/Manufactories/183/logo/primary_logo-small.png
2065,Timo Company,https://3dsky.org/3dmodels/show/smesitel-dlia-rakoviny-chashi-saona-2311,manufactory,,,,
456,Toan-Nguyen,https://toan-nguyen.com,manufactory,,,,Upload/Manufactories/456/logo/TN_Favicon-68px-x-68px.png
1880,Tom Dixon,https://www.tomdixon.net,manufactory,,,,Upload/Manufactories/1880/logo/apple-touch-icon.png
391,Tom Faulkner,https://www.tomfaulkner.com,manufactory,,,,Upload/Manufactories/391/logo/pfavico.ico
241,Tomasella,https://www.tomasella.com,manufactory,,,,
1278,Tommy Bahama Home,https://www.tommybahama.com,manufactory,,,,Upload/Manufactories/1278/logo/TB_Logo_Retail.svg
1816,TON,https://www.ton.eu,manufactory,,,,
1684,Tone of Tint,https://www.etsy.com/ca/listing/1233048737/black-beige-abstract-mountain-printable,manufactory,,,,
904,Tonon,https://tononitalia.com,manufactory,,,,Upload/Manufactories/904/logo/logo_tonon-1.svg
2114,Top Concept,https://www.topconcept.com,manufactory,,,,Upload/Manufactories/2114/logo/TopConcept-Logo-Positiv-4C-cropped.png
71,Torlys,https://commercial.torlys.com,manufactory,,,,
72,Toto,https://www.totousa.com,manufactory,,,,Upload/Manufactories/72/logo/logo.svg
1247,Toto Fabrics,https://www.totofabrics.com,manufactory,,,,Upload/Manufactories/1247/logo/toto_fabrics_logo.jpg
124,Toulemonde Bochart,https://toulemondebochart.com,manufactory,,,,Upload/Manufactories/124/logo/tlmb-logo.png
799,Tower Wallcovering,https://towerwallcovering.com,manufactory,,,,Upload/Manufactories/799/logo/tower_logo.gif
1614,ToWo,https://www.towo.com,manufactory,,,,
713,Toyota,https://www.toyota.ca,manufactory,,,,Upload/Manufactories/713/logo/toyota-navigation-logo.svg
1585,Trajectory,https://wonderwallstudio.com,manufactory,,,,Upload/Manufactories/1585/logo/download_1_1727944422__13953.original.png
416,Tree Frog,https://www.treefrogveneer.com,manufactory,,,,Upload/Manufactories/416/logo/Treefrog-horizontal-logo-web-2x.png
1270,Trend,https://trend-group.com,manufactory,,,,
1711,Trends international,https://trendsinternational.net,manufactory,,,,
1352,Tresserra,https://tresserra.com,manufactory,,,,Upload/Manufactories/1352/logo/tresserracollection-logo.svg
1321,Trevisana,https://trevisana.com,manufactory,,,,Upload/Manufactories/1321/logo/logo-trevisana.png
98,Trex,https://www.trex.com,manufactory,,,,Upload/Manufactories/98/logo/trex-logo-wordmark.svg
453,TRI-KES,https://www.tri-kes.com,manufactory,,,,Upload/Manufactories/453/logo/Logo_V1.jpg
356,tribu,https://tribu.co.uk,manufactory,,,,Upload/Manufactories/356/logo/TRIBU_MASTER_LOGO.jpg
964,Triden Distributors Limited,https://www.triden.com,manufactory,,,,
1845,TRIF,https://www.trif.com,manufactory,,,,Upload/Manufactories/1845/logo/cropped-TRIF-Logo-e1487185115618-2.png
2027,Trinity Surfaces,https://www.trinitysurfaces.com,manufactory,,,,
658,Trnk,https://www.trnk-nyc.com,manufactory,,,,Upload/Manufactories/658/logo/trnk-logo-minimal.png
1028,Trueing,https://www.trueing.co,manufactory,,,,Upload/Manufactories/1028/logo/5c2681283c78e5eb7a8f14c3_AI_160703_TRUEING_20LOGO_No_20Surround.png
2051,Trusscore,https://trusscore.com,manufactory,,,,Upload/Manufactories/2051/logo/trusscore-colour-dark.svg
1384,Tubco Whirpools LTD.,https://mirolin.com/product/skirted-baths/austin/,manufactory,,,,
576,Turbosquid,https://www.turbosquid.com,3D Assest Site,,,,
1609,Turri,https://turri.com,manufactory,,,,Upload/Manufactories/1609/logo/logo-Turri-trasparente-120x64.png
855,twentytwentyone,https://www.twentytwentyone.com,manufactory,,,,Upload/Manufactories/855/logo/logo_9d0aa81f-4b15-43bf-9e8a-5180575e6ac0_1200x.png
210,Twils,https://www.twils.it,manufactory,,,,Upload/Manufactories/210/logo/logo_twils.png
655,Twin Oaks Custom Cabinets,https://twinoakscabinets.com,manufactory,,,,Upload/Manufactories/655/logo/Twin-Oaks-Revised-Logo-300x128.png
2169,Uber Interiors,https://www.uber-interiors.com,manufactory,,,,Upload/Manufactories/2169/logo/apple-touch-icon-57x57.png
1550,UMA HOME DECOR,https://www.umainc.com,manufactory,,,,
660,Uncrate,https://uncrate.com,manufactory,,,,Upload/Manufactories/660/logo/fixed-header-logo.png
1645,Uniboard,https://www.uniboard.com,manufactory,,,,Upload/Manufactories/1645/logo/logo.png
1625,Unika moblar,https://unikamoblar.ru,manufactory,,,,Upload/Manufactories/1625/logo/logo-new.svg
1646,Unilin,https://www.unilinpanels.com,manufactory,,,,
1322,Unilock,https://unilock.com,manufactory,,,,Upload/Manufactories/1322/logo/Unilock-logo_new-red.svg
2048,Union Corrugating,https://www.unioncorrugating.com,manufactory,,,,Upload/Manufactories/2048/logo/Union-Corrugating-tagline-original-Bk-NT_header.svg
1211,United Floors,https://www.unitedfloors.ca,manufactory,,,,Upload/Manufactories/1211/logo/logo.png
392,Universal Furniture,https://www.universalfurniture.com,manufactory,,,,Upload/Manufactories/392/logo/southern_living_logo.jpg
1956,Unkia,https://3dsky.org/3dmodels/show/stellazh_tynd_1,manufactory,,,,
1679,Unreal Engine,https://www.unrealengine.com,3D Assest Site,,,,Upload/Manufactories/1679/logo/apple-touch-icon.png
1450,Uppercanada,https://www.ucfp.com,manufactory,,,,Upload/Manufactories/1450/logo/favicon-tree.png
1348,Urban Mode,https://www.urbanmode.com,manufactory,,,,Upload/Manufactories/1348/logo/logo-v4-larger-byline34pt_720x.jpg
1428,Urban Outfitters,https://www.urbanoutfitters.com,vender,,,,
1935,US Tiles,https://ustiles.com,manufactory,,,,Upload/Manufactories/1935/logo/us_tiles_logo-500x74_500x74.png
1252,Uttermost,https://www.uttermost.com,manufactory,,,,
1615,Valley,https://www.valley.com,manufactory,,,,Upload/Manufactories/1615/logo/apple-touch-icon.png
292,Vanguard Furniture,https://www.vanguardfurniture.com,manufactory,,,,Upload/Manufactories/292/logo/logo.png
2110,Vankov,https://vankov.su,manufactory,,,,Upload/Manufactories/2110/logo/logo_vankov_white.png
1210,Varaschin,https://www.varaschin.com,manufactory,,,,Upload/Manufactories/1210/logo/Varaschin_Logotipo_Bianco-1024x268.webp
1468,Variform,https://www.plygem.com/variform,manufactory,,,,Upload/Manufactories/1468/logo/Variform_Logo.svg
1658,Varket,https://varket.ru,manufactory,,,,Upload/Manufactories/1658/logo/logo_black.svg
725,Venicem,https://www.venicem.com,manufactory,,,,
626,Verdesign,https://www.verdesign.it,manufactory,,,,Upload/Manufactories/626/logo/verdesign-marchio.png
1840,Verluisant,https://www.verluisant.ru,manufactory,,,,
842,Versa,https://www.versawallcovering.com,manufactory,,,,Upload/Manufactories/842/logo/versa_logo_black.svg
248,viabizzuno,https://www.viabizzuno.com,manufactory,,,,Upload/Manufactories/248/logo/catalogue-20.svg
1905,Vibia,https://vibia.com:443,manufactory,,,,Upload/Manufactories/1905/logo/vibia-logo-black.85895d00.svg
554,Vicostone,https://vicostone.ca,manufactory,,,,Upload/Manufactories/554/logo/logosinteredxanhngang.svg
517,Vicwest,https://www.vicwest.com,manufactory,,,,Upload/Manufactories/517/logo/vicwest-favicon-48x48.png
73,Vintage Flooring,https://www.vintageflooring.com,manufactory,,,,Upload/Manufactories/73/logo/normal.png
1904,Viokef,https://viokef.com,manufactory,,,,Upload/Manufactories/1904/logo/Viokef_logo_grey.svg
895,Vipco,https://vipco.ca,manufactory,,,,
1946,Virginia Tile,https://virginiatile.com,manufactory,,,,Upload/Manufactories/1946/logo/logo.svg
865,Visionnaire,https://www.visionnaire-home.com,manufactory,,,,Upload/Manufactories/865/logo/apple-touch-icon.png
1442,Viso,https://visoinc.com,manufactory,,,,Upload/Manufactories/1442/logo/cropped-VISOfavicon-180x180.png
775,Vistosi,https://vistosi.it,manufactory,,,,Upload/Manufactories/775/logo/logo_nero.svg
1773,Visual Comfort,https://www.visualcomfort.com,manufactory,,,,Upload/Manufactories/1773/logo/media_18cda8031c327db6570c88fa98c343dea601f5c4e.jpg
498,Vitra,https://www.vitratiles.com,manufactory,,,,Upload/Manufactories/498/logo/logo.svg
1558,vivo home,https://vivohome.ru,manufactory,,,,Upload/Manufactories/1558/logo/apple-touch-icon.png
1971,Vogt,https://www.vogtindustries.com,manufactory,,,,Upload/Manufactories/1971/logo/My_20Website.jpg
715,Volkswagen,https://www.vw.ca/en.html,manufactory,,,,Upload/Manufactories/715/logo/Homepage_20Tile_202_20-_20Tiguan-9.png
714,VOLVO,https://www.volvocars.com,manufactory,,,,
1602,Vortens,https://vortens.com,manufactory,,,,Upload/Manufactories/1602/logo/logovortens_2x.png
1250,Vycon,https://www.vyconwallcovering.com,manufactory,,,,Upload/Manufactories/1250/logo/vycon_logo.gif
1803,Walk off flooring,https://www.walkoff.co.uk,manufactory,,,,Upload/Manufactories/1803/logo/logo.svg
499,Walker Zanger,https://www.walkerzanger.com,manufactory,,,,Upload/Manufactories/499/logo/wz-logo-horiz-dark.svg
1472,Wall and Wall,https://wallandwall.ru,manufactory,,,,Upload/Manufactories/1472/logo/logotip_png.png
74,Waltec,https://www.waltecfaucets.ca,manufactory,,,,Upload/Manufactories/74/logo/waltec_logo_cmyk_black_en.jpg
357,walter knoll,https://www.walterknoll.de,manufactory,,,,Upload/Manufactories/357/logo/walter_knoll_opengraph_image.jpg
1867,Wasser Kraft,https://wasserkraft.ru,manufactory,,,,Upload/Manufactories/1867/logo/logo.svg
1620,Water Closet,https://www.watercloset.ca,manufactory,,,,
87,Water Matrix,https://www.watermatrix.com,manufactory,,,,Upload/Manufactories/87/logo/THD_logo.jpg
1819,Waterstone,https://waterstoneco.com,manufactory,,,,
400,Wayfair,https://www.wayfair.ca,vender,,,,
1906,Wayne Dalton,https://www.wayne-dalton.com,manufactory,,,,
426,Weavers Art,https://weaversart.com,manufactory,,,,Upload/Manufactories/426/logo/Logo-Solid-Black.svg
1380,Weiser,https://www.weiserlock.com,manufactory,,,,Upload/Manufactories/1380/logo/logo-temp.png
521,Weitzner,https://www.weitznerlimited.com,manufactory,,,,Upload/Manufactories/521/logo/weitzner-logo.png
1990,Wellborn,https://www.wellborn.com,manufactory,,,,
888,Wendelbo,https://wendelbo.com,manufactory,,,,Upload/Manufactories/888/logo/Wendelbo_Logo_Website.png
845,Wesley Hall,https://www.wesleyhall.com,manufactory,,,,Upload/Manufactories/845/logo/wh_logo.png
209,West Elm,https://www.westelm.com,vender,,,,Upload/Manufactories/209/logo/we.ico
2144,Westform Metals,https://www.westform.com,manufactory,,,,Upload/Manufactories/2144/logo/apple-touch-icon.png
514,Westman Steel,https://westmansteel.com,manufactory,,,,Upload/Manufactories/514/logo/logotype-invert-westman-steel.svg
75,Weston Premium Woods,https://westonpremiumwoods.com,manufactory,,,,Upload/Manufactories/75/logo/WestonR_logo_CMYK-_transparent-WHITE.png
76,Whirlpool,https://www.whirlpool.ca,manufactory,,,,
907,Willa Arlo Interiors,https://www.wayfair.com,manufactory,,,,
540,Wilsonart,https://www.wilsonart.com,manufactory,,,,Upload/Manufactories/540/logo/Wilsonart_ES-01.png
284,Wine Station,https://napatechnology.com,manufactory,,,,Upload/Manufactories/284/logo/Napa-Logo.png
1339,WINSOON,https://www.winsoonhardware.com,manufactory,,,,Upload/Manufactories/1339/logo/LOGO.jpg
1395,Wisenbaker,https://www.wbs.com,manufactory,,,,Upload/Manufactories/1395/logo/wbs-logo-gray.png
431,Wittmann,https://wittmann.com,manufactory,,,,
629,Woeller,https://woeller.com,manufactory,,,,Upload/Manufactories/629/logo/woeller-logo.png
77,Wolf,https://ca.subzero-wolf.com,manufactory,,,,Upload/Manufactories/77/logo/logo-wolf.png
890,Wolf Gordon,https://www.wolfgordon.com,manufactory,,,,
633,Won Design,https://wondesign.co.uk,manufactory,,,,Upload/Manufactories/633/logo/rs_w_57_h_57_m.jpg
306,wonder glass,https://www.wonderglass.com,manufactory,,,,Upload/Manufactories/306/logo/favicon.ico
1586,Wonder Wall Studio,https://wonderwallstudio.com,manufactory,,,,Upload/Manufactories/1586/logo/download_1_1727944422__13953.original.png
1133,Wonderwood,https://www.wonderwood.us,manufactory,,,,Upload/Manufactories/1133/logo/Untitled-1-01.png
1546,Wood family,https://3dsky.org/3dmodels/show/woodfamily_bed_mb_300sl_1,manufactory,,,,
1026,Wood Notes,https://www.woodnotes.fi,manufactory,,,,Upload/Manufactories/1026/logo/Woodnotes_logo.png
350,Wood Slabs Tables,https://www.woodslabs.com,manufactory,,,,Upload/Manufactories/350/logo/woodslabs-logo.png
1907,Wood Tone,https://woodtone.com,manufactory,,,,Upload/Manufactories/1907/logo/Woodtone_Logo_Lockup_RGB_Black.png
1494,Woodberry,https://woodberrymebel.ru,manufactory,,,,
1215,Woodcrest,https://www.woodcrestcabinets.ca,manufactory,,,,Upload/Manufactories/1215/logo/1200px-Home_Hardware_Logo.svg.png
1967,Woodmont Cabinetry,https://woodmontcabinetry.com,manufactory,,,,Upload/Manufactories/1967/logo/Woodmont-Cabinetry-Logo-2024-330x68-1.png
258,Workstead,https://workstead.com,manufactory,,,,Upload/Manufactories/258/logo/New_20York_20Times_Logo.png
482,Worley's Lighting,https://worleyslighting.com,manufactory,,,,Upload/Manufactories/482/logo/Logo_-_Worley_s_Lighting.png
548,Wow Design,https://www.wowdesigneu.com,manufactory,,,,Upload/Manufactories/548/logo/bt-logo-wow-v1.png
1518,Xtone,https://www.xtone.co.uk,manufactory,,,,Upload/Manufactories/1518/logo/logo.svg
877,Yabu Pushelberg,https://www.yabupushelberg.com,manufactory,,,,Upload/Manufactories/877/logo/6929a3c20b8f8961ed169749_Yabu-Logo.svg
1015,Yelkkin Dom,https://www.yelkkindom.ru,manufactory,,,,Upload/Manufactories/1015/logo/YDGreenDark_w_margin.svg
1029,Ylighting,https://www.ylighting.com,vender,,,,
802,York Contract,https://www.yorkcontract.com,manufactory,,,,Upload/Manufactories/802/logo/York_Contract_Logo_2018_140x.jpg
263,Young America,https://www.youngamerica.com,manufactory,,,,
946,Z Lite,https://forsale.dynadot.com/zlite.com,manufactory,,,,Upload/Manufactories/946/logo/navbar-logo-dark-2023.png
1094,Z-Lite,https://www.z-lite.com,manufactory,,,,Upload/Manufactories/1094/logo/logo.9b79206080d4.png
127,Zara Home,https://www.zarahome.com,vender,,,,
1726,Zazzle,https://www.zazzle.com,manufactory,,,,
1861,Zeckos,https://zeckos.com,manufactory,,,,Upload/Manufactories/1861/logo/zeckos-logo-V8.2_615x188.jpg
990,Zegen,https://zegen.ua,manufactory,,,,Upload/Manufactories/990/logo/logo.svg
786,Zgallerie,https://zgallerie.com,manufactory,,,,Upload/Manufactories/786/logo/ZG-Logo-Black-6.png
1361,Ziche,https://www.ziche.com,manufactory,,,,Upload/Manufactories/1361/logo/Logo-ZICHE-Il-MarmoITA.png
1059,Zolatone,https://www.zolatone.com,manufactory,,,,Upload/Manufactories/1059/logo/icp880x294.png
1392,Zuiver,https://www.zuiver.com,manufactory,,,,Upload/Manufactories/1392/logo/logo.svg
1785,Zuri,https://www.zurifurniture.com,manufactory,,,,
